haematuria,0.74311
and,3.13335
abdominal,3.13335
aortic,3.13335
aneurysm,3.13335
.,3.13335
left,3.13335
loin,3.13335
pain,1.12605
in,3.13335
a,3.13335
patient,3.13335
with,3.13335
associated,3.13335
the,3.13335
radiological,3.13335
finding,3.13335
of,3.13335
poorly,3.13335
or,3.13335
non,3.13335
-,3.13335
functioning,3.13335
kidney,3.13335
are,3.13335
pathognomonic,3.13335
features,3.13335
aorto,1.14864
renal,1.14864
vein,1.14864
fistula,1.14864
,,3.13335
condition,3.13335
which,3.13335
leaks,3.13335
into,3.13335
an,3.13335
anomalous,1.30618
retro,1.30618
acanthosis,3.13335
nigricans,3.13335
is,3.13335
thickened,3.13335
velvety,3.13335
hyperpigmented,3.13335
skin,3.13335
variety,3.13335
endocrine,0.68676
disorders,0.68676
malignancies,0.68676
medications,3.13335
mechanical,3.13335
stability,3.13335
internal,3.13335
fixation,3.13335
fractured,0.68676
phalanges,0.68676
rigidity,3.13335
five,3.13335
techniques,3.13335
tested,3.13335
experimentally,3.13335
compared,3.13335
clinical,3.13335
relevance,3.13335
discussed,3.13335
cell,3.13335
carcinoma,3.13335
concurrent,3.13335
urothelial,3.13335
urinary,0.70961
bladder,0.70961
hodgkin,3.13335
lymphoma,3.13335
we,3.13335
report,3.13335
case,3.13335
71,3.13335
year,3.13335
old,3.13335
male,3.13335
multiple,3.13335
primary,3.13335
involving,1.30618
combined,3.13335
synchronous,0.68757
was,3.13335
admitted,3.13335
to,3.13335
hospital,3.13335
because,3.13335
painless,3.13335
gross,3.13335
hematuria,0.70853
examination,3.13335
revealed,3.13335
tumor,3.13335
right,0.75321
papillary,1.12605
enlarged,3.13335
lymph,3.13335
nodes,3.13335
along,3.13335
aorta,3.13335
inferior,3.13335
vena,3.13335
cava,3.13335
transurethral,1.14542
resection,1.14542
(,3.13335
tur,3.13335
),3.13335
radical,3.13335
nephrectomy,3.13335
retroperitoneal,3.13335
lymphadenectomy,3.13335
were,3.13335
performed,3.13335
pathohistologic,3.13335
evaluation,3.13335
together,3.13335
immunohistochemistry,3.13335
gave,3.13335
final,3.13335
diagnosis,3.13335
rcc,3.13335
b,3.13335
small,3.13335
cll,3.13335
scanning,3.13335
electron,3.13335
microscopy,3.13335
human,3.13335
zonule,3.13335
lens,3.13335
zonula,3.13335
ciliaris,3.13335
present,3.13335
study,3.13335
eight,3.13335
eyeballs,3.13335
specifically,3.13335
prepared,3.13335
for,3.13335
microscopic,3.13335
observation,3.13335
consisted,3.13335
two,3.13335
main,3.13335
layers,3.13335
radial,3.13335
fibres,3.13335
anterior,3.13335
posterior,3.13335
one,3.13335
that,3.13335
inserted,3.13335
on,3.13335
capsules,3.13335
respectively,3.13335
some,3.13335
equator,3.13335
zonular,3.13335
originated,3.13335
at,3.13335
pars,3.13335
plana,3.13335
entered,3.13335
dorsal,3.13335
part,3.13335
ciliary,3.13335
valleys,3.13335
then,3.13335
changed,3.13335
their,3.13335
direction,3.13335
towards,3.13335
face,3.13335
capsule,3.13335
by,3.13335
branched,3.13335
endings,3.13335
1,3.13335
mm,3.13335
behind,3.13335
mainly,3.13335
occasionally,3.13335
after,3.13335
running,3.13335
completely,3.13335
through,3.13335
close,3.13335
contact,3.13335
lateral,3.13335
walls,3.13335
processes,3.13335
they,3.13335
plicata,3.13335
reached,3.13335
insertions,3.13335
achieved,3.13335
webbed,3.13335
diffused,3.13335
2,3.13335
front,3.13335
extraordinary,3.13335
distension,3.13335
capacity,3.13335
demonstrated,3.13335
pulling,3.13335
hydrodissection,3.13335
as,3.13335
consequence,3.13335
stretched,3.13335
up,3.13335
four,3.13335
times,3.13335
original,3.13335
length,3.13335
without,3.13335
breaking,3.13335
disinserting,3.13335
sonographic,3.13335
pseudokidney,3.13335
when,3.13335
interpreting,3.13335
sonograms,3.13335
should,3.13335
be,3.13335
aware,3.13335
possibility,3.13335
mistaking,3.13335
fat,3.13335
scarring,3.13335
fossa,3.13335
normal,3.13335
history,3.13335
prior,3.13335
doubt,3.13335
ultrasound,3.13335
findings,3.13335
confirmed,3.13335
ct,3.13335
scan,3.13335
color,3.13335
pattern,3.13335
reversal,3.13335
visual,3.13335
evoked,3.13335
potential,3.13335
eyes,3.13335
ocular,1.14864
hypertension,0.68757
open,3.13335
angle,3.13335
glaucoma,3.13335
testing,3.13335
99,3.13335
27,3.13335
30,3.13335
use,3.13335
black,3.13335
white,3.13335
red,3.13335
blue,3.13335
checkerboard,3.13335
stimuli,3.13335
p1,3.13335
wave,3.13335
peak,3.13335
time,3.13335
amplitude,3.13335
significantly,3.13335
different,3.13335
from,3.13335
those,3.13335
age,3.13335
similar,3.13335
especially,3.13335
checkerboards,3.13335
p,3.13335
less,3.13335
than,3.13335
0,3.13335
001,3.13335
differences,3.13335
between,3.13335
hypertensive,3.13335
glaucomatous,0.77950
significance,3.13335
difference,3.13335
may,3.13335
serve,3.13335
important,3.13335
parameter,3.13335
early,3.13335
comparison,3.13335
secretory,3.13335
iga,3.13335
igg,3.13335
isotype,3.13335
levels,3.13335
palatal,3.13335
secretions,3.13335
denture,3.13335
stomatitis,3.13335
patients,3.13335
wearers,3.13335
having,3.13335
clinically,3.13335
healthy,3.13335
palates,3.13335
inflammatory,0.75470
affecting,3.13335
mucosa,3.13335
covered,3.13335
aetiology,3.13335
multifactorial,3.13335
poor,3.13335
hygiene,3.13335
constant,3.13335
wearing,3.13335
trauma,1.14864
colonisation,3.13335
candida,3.13335
species,3.13335
inflamed,1.30618
tissues,1.30618
raised,3.13335
albumin,3.13335
isotypes,3.13335
siga,3.13335
would,3.13335
expected,3.13335
major,3.13335
component,3.13335
protective,3.13335
immunological,3.13335
response,3.13335
mucosal,3.13335
injection,3.13335
21,3.13335
22,3.13335
analysed,3.13335
found,3.13335
higher,3.13335
palate,3.13335
unexpectedly,3.13335
<,3.13335
05,3.13335
lower,3.13335
percutaneous,3.13335
support,3.13335
failing,1.30618
heart,1.30618
ventricular,3.13335
rv,3.13335
failure,3.13335
increasingly,3.13335
common,3.13335
problem,3.13335
require,3.13335
contrast,3.13335
severe,3.13335
typically,3.13335
more,3.13335
reversible,3.13335
therefore,3.13335
application,3.13335
shorter,3.13335
term,3.13335
devices,3.13335
potentially,3.13335
attractive,3.13335
current,3.13335
innovations,3.13335
promise,3.13335
greater,3.13335
availability,3.13335
such,3.13335
this,3.13335
article,3.13335
considers,3.13335
available,3.13335
approaches,3.13335
provide,3.13335
hemodynamic,3.13335
treat,3.13335
profound,3.13335
scenarios,3.13335
most,3.13335
beneficial,3.13335
tetralogy,1.14542
fallot,1.14542
levoatrial,3.13335
cardinal,3.13335
rare,3.13335
congenital,0.70139
anomaly,0.70139
systemic,0.70139
veins,0.70139
it,3.13335
frequently,3.13335
side,0.70139
obstructive,0.70139
anomalies,0.70139
innominate,3.13335
absent,3.13335
upper,3.13335
pulmonary,3.13335
connected,3.13335
there,3.13335
no,3.13335
root,3.13335
replacement,3.13335
cardiac,0.68757
dextroversion,0.75321
adult,3.13335
surgery,3.13335
malrotation,0.74311
60,3.13335
lady,3.13335
known,3.13335
presented,3.13335
dyspnoea,1.30618
pre,1.30618
syncopal,1.30618
attacks,1.30618
echocardiographical,3.13335
investigation,3.13335
clockwise,3.13335
rotation,3.13335
its,3.13335
longitudinal,3.13335
axis,3.13335
resulted,3.13335
outflow,3.13335
tract,3.13335
artery,3.13335
being,3.13335
wrapped,3.13335
anteriorly,3.13335
around,3.13335
displacement,3.13335
atrium,3.13335
presence,3.13335
heavily,3.13335
calcified,1.30618
bicuspid,0.70853
valve,0.70853
dilated,0.74311
ascending,0.74311
also,3.13335
venous,3.13335
cannulation,3.13335
established,3.13335
rotating,3.13335
anticlockwise,3.13335
access,3.13335
gained,3.13335
superior,3.13335
oblique,3.13335
aortotomy,3.13335
replaced,3.13335
valved,3.13335
conduit,3.13335
authors,3.13335
',3.13335
knowledge,3.13335
first,3.13335
iatrogenic,0.68757
cyanosis,1.14864
clubbing,0.75470
:,3.13335
25,3.13335
years,3.13335
chronic,1.12605
hypoxia,0.70853
repair,3.13335
atrial,3.13335
septal,3.13335
defect,3.13335
sinus,0.68757
venosus,0.68757
caval,3.13335
type,3.13335
unintentional,3.13335
diversion,3.13335
blood,3.13335
reported,3.13335
long,3.13335
standing,3.13335
anatomical,3.13335
shunting,3.13335
cerebrovascular,0.75470
complications,0.75470
risks,3.13335
depend,3.13335
absence,3.13335
hematological,0.75470
abnormalities,0.75470
degree,3.13335
magnetic,3.13335
resonance,3.13335
imaging,3.13335
clarified,3.13335
etiology,3.13335
unexplained,3.13335
delineated,3.13335
surgical,3.13335
anatomy,3.13335
radioimmunoassay,3.13335
immunoreactive,3.13335
c,3.13335
terminal,3.13335
big,3.13335
endothelin,3.13335
38,3.13335
potent,3.13335
endogenous,3.13335
vaso,3.13335
constrictor,3.13335
derived,3.13335
biosynthetic,3.13335
precursor,3.13335
proteolytic,3.13335
degradation,3.13335
last,3.13335
step,3.13335
cleaves,3.13335
fragment,3.13335
have,3.13335
developed,3.13335
peptide,3.13335
based,3.13335
antiserum,3.13335
recognizing,3.13335
sequence,3.13335
cross,3.13335
reacting,3.13335
intact,3.13335
test,3.13335
plasma,3.13335
samples,3.13335
extracted,3.13335
passage,3.13335
c18,3.13335
silica,3.13335
cartridges,3.13335
desorption,3.13335
methanol,3.13335
/,3.13335
water,3.13335
volume,3.13335
fraction,3.13335
8,3.13335
yields,3.13335
purification,3.13335
concentration,3.13335
procedure,3.13335
about,3.13335
70,3.13335
%,3.13335
15,3.13335
persons,3.13335
concentrations,3.13335
11,3.13335
pmol,3.13335
l,3.13335
10,3.13335
fold,3.13335
reference,3.13335
thus,3.13335
peptides,3.13335
containing,3.13335
but,3.13335
do,3.13335
circulate,3.13335
if,3.13335
sufficiently,3.13335
tight,3.13335
correlation,3.13335
circulating,3.13335
can,3.13335
proven,3.13335
facilitate,3.13335
studies,3.13335
physiological,3.13335
role,3.13335
visualization,3.13335
heterogeneous,3.13335
membrane,3.13335
distribution,3.13335
sphingomyelin,3.13335
cytokinesis,3.13335
polarity,3.13335
sphingolipidosis,3.13335
sm,3.13335
sphingolipid,3.13335
mammalian,3.13335
cells,3.13335
form,3.13335
specific,3.13335
lipid,3.13335
domains,3.13335
cholesterol,3.13335
however,3.13335
methods,3.13335
examine,3.13335
limited,3.13335
model,3.13335
membranes,3.13335
fluorescent,3.13335
protein,3.13335
conjugates,3.13335
binding,3.13335
toxins,3.13335
lysenin,3.13335
lys,3.13335
equinatoxin,3.13335
ii,3.13335
eqtii,3.13335
recognize,3.13335
distributions,3.13335
;,3.13335
exclusively,3.13335
binds,3.13335
clustered,3.13335
whereas,3.13335
preferentially,3.13335
dispersed,3.13335
freeze,3.13335
fracture,3.13335
immunoelectron,3.13335
showed,3.13335
not,3.13335
formed,3.13335
surface,3.13335
glycolipids,3.13335
affect,3.13335
using,3.13335
derivatives,3.13335
sensitive,3.13335
probes,3.13335
exclusive,3.13335
accumulation,3.13335
clusters,3.13335
midbody,3.13335
interestingly,3.13335
apical,3.13335
differentiated,3.13335
epithelial,3.13335
exhibited,3.13335
basolateral,3.13335
acid,3.13335
sphingomyelinase,3.13335
deficient,3.13335
niemann,3.13335
pick,3.13335
these,3.13335
data,3.13335
suggest,3.13335
both,3.13335
content,3.13335
crucial,3.13335
pathophysiological,3.13335
events,3.13335
bringing,3.13335
therapeutic,3.13335
perspective,3.13335
makino,3.13335
abe,3.13335
m,3.13335
murate,3.13335
inaba,3.13335
t,3.13335
yilmaz,3.13335
n,3.13335
hullin,3.13335
matsuda,3.13335
f,3.13335
kishimoto,3.13335
schieber,3.13335
taguchi,3.13335
arai,3.13335
h,3.13335
anderluh,3.13335
g,3.13335
parton,3.13335
r,3.13335
kobayashi,3.13335
improvement,3.13335
eeg,3.13335
signal,3.13335
acquisition,3.13335
electrical,3.13335
aspect,3.13335
state,3.13335
art,3.13335
end,3.13335
aim,3.13335
practical,3.13335
considerations,3.13335
acquiring,3.13335
satisfactory,3.13335
signals,3.13335
electroencephalographic,3.13335
users,3.13335
system,3.13335
designers,3.13335
choosing,3.13335
correct,3.13335
electrode,3.13335
design,3.13335
strategy,3.13335
initial,3.13335
electronic,3.13335
circuitry,3.13335
plays,3.13335
improving,3.13335
s,3.13335
measurement,3.13335
performance,3.13335
considering,3.13335
pitfalls,3.13335
biopotential,3.13335
recording,3.13335
session,3.13335
conditions,3.13335
creates,3.13335
better,3.13335
accuracy,3.13335
electroencephalogram,3.13335
electrodes,3.13335
electronics,3.13335
including,3.13335
filtering,3.13335
amplifying,3.13335
conversion,3.13335
storing,3.13335
environmental,3.13335
paper,3.13335
principles,3.13335
points,3.13335
noise,3.13335
reduction,3.13335
suggestions,3.13335
comparative,3.13335
vitro,3.13335
activity,3.13335
new,3.13335
oral,3.13335
cephalosporin,3.13335
bmy,3.13335
28100,3.13335
broth,3.13335
microdilution,3.13335
method,3.13335
against,3.13335
365,3.13335
strains,3.13335
commonly,3.13335
isolated,3.13335
bacteria,3.13335
determined,3.13335
good,3.13335
streptococci,3.13335
methicillin,3.13335
susceptible,3.13335
staphylococci,3.13335
salmonella,3.13335
spp,3.13335
shigella,3.13335
beta,3.13335
lactamase,3.13335
producing,3.13335
branhamella,3.13335
catarrhalis,3.13335
haemophilus,3.13335
influenzae,3.13335
organisms,3.13335
comparable,3.13335
penicillin,3.13335
ampicillin,3.13335
co,3.13335
trimoxazole,3.13335
erythromycin,3.13335
cefaclor,3.13335
doxycycline,3.13335
amoxicillin,3.13335
potassium,3.13335
clavulanate,3.13335
had,3.13335
moderate,3.13335
arizona,3.13335
hinshawii,3.13335
campylobacter,3.13335
jejuni,3.13335
yersinia,3.13335
enterocolitica,3.13335
reimplantation,3.13335
ectopic,3.13335
ureter,3.13335
duplex,3.13335
separate,3.13335
unit,3.13335
provided,3.13335
alternative,3.13335
ureters,0.70139
whom,3.13335
ureteroureterostomy,3.13335
double,3.13335
might,3.13335
compromised,3.13335
smaller,3.13335
caliber,3.13335
folliculitis,3.13335
follicular,3.13335
mucinosis,3.13335
papular,3.13335
presentation,3.13335
myelomonocytic,3.13335
leukemia,3.13335
leukemias,3.13335
lymphomas,3.13335
indolent,3.13335
surprisingly,3.13335
unusual,3.13335
manners,3.13335
although,3.13335
uncommon,3.13335
lesions,0.75470
eosinophilic,1.14542
been,3.13335
association,3.13335
novel,3.13335
associations,3.13335
acute,0.75470
straight,0.75470
instability,0.75470
knee,0.75470
ligamentous,1.30618
injuries,1.30618
joint,1.30618
represent,3.13335
orthopaedic,3.13335
damage,1.30618
supporting,1.30618
structures,1.30618
relatively,3.13335
occurrence,3.13335
osteosarcoma,3.13335
medial,1.14542
cuniform,1.14542
bone,1.14542
malignancy,3.13335
childhood,3.13335
adolescent,3.13335
related,3.13335
marrow,3.13335
usually,3.13335
occurs,3.13335
bones,3.13335
foot,3.13335
very,3.13335
here,3.13335
i,3.13335
tried,3.13335
cuneiform,0.75321
responding,3.13335
evidence,3.13335
breastfeed,3.13335
baby,3.13335
you,3.13335
sixth,3.13335
public,3.13335
health,3.13335
recommendation,3.13335
reduce,3.13335
risk,3.13335
sudden,0.70139
unexpected,0.70139
death,0.70139
infancy,0.75321
abundant,3.13335
recognises,3.13335
breastfeeding,3.13335
significant,3.13335
short,3.13335
benefits,3.13335
infant,3.13335
mother,3.13335
until,3.13335
recently,3.13335
independent,3.13335
factor,3.13335
reducing,3.13335
remained,3.13335
unclear,3.13335
october,3.13335
2010,3.13335
sids,1.30618
kids,3.13335
australia,3.13335
held,3.13335
consensus,3.13335
forum,3.13335
international,3.13335
researchers,3.13335
key,3.13335
stakeholders,3.13335
review,3.13335
relating,3.13335
safe,3.13335
sleeping,3.13335
recommendations,3.13335
following,3.13335
publication,3.13335
reviews,3.13335
national,3.13335
scientific,3.13335
advisory,3.13335
group,3.13335
has,3.13335
supported,3.13335
decision,3.13335
critical,3.13335
threshold,3.13335
within,3.13335
supportive,3.13335
measure,3.13335
will,3.13335
included,3.13335
2012,3.13335
campaign,3.13335
abusive,0.74311
head,0.70853
infants,3.13335
young,3.13335
children,3.13335
unique,3.13335
contributor,3.13335
developmental,0.70853
disabilities,0.70853
leading,3.13335
cause,3.13335
disability,3.13335
child,0.70853
abuse,0.70853
discusses,3.13335
epidemiology,3.13335
aspects,3.13335
outcomes,3.13335
prevention,3.13335
neglect,3.13335
osteotomy,3.13335
sacrum,3.13335
malignant,0.75470
iliac,3.13335
modified,3.13335
threadwire,3.13335
saw,3.13335
tumors,1.12605
conducted,3.13335
issignificantly,3.13335
wide,3.13335
rapid,3.13335
septic,3.13335
arthritis,3.13335
hip,3.13335
delay,3.13335
treatment,3.13335
lead,3.13335
permanent,3.13335
difficult,3.13335
management,3.13335
reviewed,3.13335
epidemiological,3.13335
median,0.70139
nerve,0.70139
dysfunction,0.70139
practicing,3.13335
dental,3.13335
hygienists,3.13335
purpose,3.13335
assess,3.13335
over,3.13335
changes,3.13335
function,3.13335
20,3.13335
students,3.13335
who,3.13335
university,3.13335
minnesota,3.13335
program,3.13335
1986,3.13335
follow,3.13335
16,3.13335
evaluated,3.13335
postgraduation,3.13335
1990,3.13335
comparisons,3.13335
made,3.13335
evaluations,3.13335
subjects,3.13335
completed,3.13335
graduation,3.13335
1988,3.13335
1989,3.13335
digital,3.13335
vibrometry,3.13335
used,3.13335
evaluate,3.13335
sensibility,3.13335
each,3.13335
periods,3.13335
studied,3.13335
analysis,3.13335
practice,3.13335
mean,3.13335
shift,3.13335
04,3.13335
42,3.13335
measured,3.13335
results,3.13335
indicated,3.13335
observed,3.13335
earlier,3.13335
arrested,3.13335
reasons,3.13335
appeared,3.13335
twofold,3.13335
period,3.13335
work,3.13335
hardening,3.13335
concept,3.13335
neuromuscular,0.75321
tissue,0.75321
hypertrophy,1.14542
adaptation,3.13335
rigors,3.13335
hygienist,3.13335
learned,3.13335
become,3.13335
efficient,3.13335
provision,3.13335
procedures,3.13335
symptoms,3.13335
none,3.13335
diagnosed,3.13335
cts,3.13335
any,3.13335
during,3.13335
since,3.13335
continued,3.13335
necessary,3.13335
determine,3.13335
whether,3.13335
observations,3.13335
noted,3.13335
second,3.13335
temporary,3.13335
slowing,3.13335
development,3.13335
split,3.13335
intrarenal,3.13335
hemodynamics,3.13335
renovascular,3.13335
stenotic,3.13335
contralateral,3.13335
kidneys,3.13335
unilateral,0.77950
rvh,3.13335
estimated,3.13335
gomez,3.13335
formulae,3.13335
ten,3.13335
para,3.13335
amino,3.13335
hippurate,3.13335
inulin,3.13335
clearances,3.13335
ureteral,3.13335
catheterization,3.13335
indexes,3.13335
flow,3.13335
glomerular,3.13335
filtration,3.13335
rates,3.13335
allowing,3.13335
estimation,3.13335
preglomerular,3.13335
arteriolar,3.13335
resistance,3.13335
postglomerular,3.13335
hydrostatic,3.13335
pressure,3.13335
83,3.13335
+,3.13335
12,3.13335
19,3.13335
ml,3.13335
min,3.13335
m2,3.13335
170,3.13335
43,3.13335
4,3.13335
elevated,3.13335
due,3.13335
lesion,3.13335
900,3.13335
500,3.13335
dyns,3.13335
sec,3.13335
cm,3.13335
5,3.13335
while,3.13335
elevation,3.13335
300,3.13335
000,3.13335
high,3.13335
lowered,3.13335
54,3.13335
mmhg,3.13335
3,3.13335
protected,3.13335
138,3.13335
6,3.13335
stenosis,0.75470
increase,3.13335
sufficient,3.13335
making,3.13335
hyperfiltration,1.30618
paget,3.13335
disease,3.13335
complicated,3.13335
hydrocephalus,1.14542
syringomyelia,3.13335
skull,3.13335
basilar,0.75321
impression,0.75321
briefly,3.13335
strategies,3.13335
outlined,3.13335
hemiplegia,3.13335
vegetativa,3.13335
alterna,3.13335
ipsilateral,3.13335
horner,3.13335
syndrome,3.13335
hemihyperhidrosis,1.14542
proximal,1.30618
cerebral,0.70853
occlusion,0.68757
background,3.13335
pca,3.13335
occlusive,3.13335
produces,3.13335
homonymous,1.30618
field,1.30618
defects,1.30618
hemisensory,1.30618
loss,1.30618
neuropsychological,1.30618
deficits,1.30618
conversely,3.13335
combination,3.13335
hemiparesis,0.74311
never,3.13335
before,3.13335
description,3.13335
infarction,0.74311
superficial,3.13335
deep,3.13335
territories,3.13335
picture,3.13335
disclosed,3.13335
infarcts,1.30618
anterolateral,3.13335
midbrain,3.13335
ventroposterolateral,3.13335
thalamic,3.13335
subthalamic,3.13335
area,3.13335
temporo,3.13335
occipital,3.13335
lobes,3.13335
conclusions,3.13335
alternating,0.68676
vegetative,1.14864
supports,3.13335
hypothesis,3.13335
existence,3.13335
uncrossed,3.13335
excitatory,3.13335
crossed,3.13335
inhibitory,3.13335
hypothalamospinal,3.13335
sympathetic,3.13335
pathway,3.13335
erythema,0.70853
multiforme,0.70853
minor,0.70853
vaccination,3.13335
paediatric,3.13335
vaccines,3.13335
cases,3.13335
tetanus,1.30618
diphtheria,1.30618
revaccination,3.13335
acellular,1.19317
pertussis,1.30618
inactivated,1.19317
polio,1.30618
haemophillus,0.70961
vaccine,3.13335
suggesting,3.13335
toxoids,3.13335
precipitating,3.13335
subperiosteal,3.13335
osteoid,3.13335
osteoma,3.13335
distal,3.13335
phalanx,3.13335
thumb,3.13335
osteomas,3.13335
subgrouped,3.13335
cancellous,3.13335
cortical,3.13335
hand,3.13335
location,3.13335
described,3.13335
illustrates,3.13335
radiographic,3.13335
relief,3.13335
factitious,0.70853
coarctation,0.70853
large,1.19317
patent,1.30618
ductus,1.30618
arteriosus,1.30618
gianturco,3.13335
grifka,3.13335
vascular,3.13335
occluder,3.13335
pda,1.30618
hypoplastic,0.77950
isthmus,1.19317
presenting,3.13335
ductal,3.13335
transcatheter,3.13335
gradient,3.13335
resolved,3.13335
thereby,3.13335
eliminating,3.13335
need,3.13335
coexisting,3.13335
central,1.14542
diabetes,3.13335
insipidus,3.13335
psychogenic,1.12605
polydipsia,3.13335
schizophrenic,0.77950
coexisted,3.13335
possible,3.13335
relationship,3.13335
vasopressin,3.13335
release,3.13335
hypothesized,3.13335
lung,0.70139
neoplasm,1.19317
mimicking,3.13335
myocardial,1.19317
involvement,3.13335
pericardium,3.13335
cancer,3.13335
metastases,1.30618
frequent,3.13335
neoplasms,1.19317
metastatic,1.30618
manifestation,3.13335
chest,0.74311
rotaviral,3.13335
gastroenteritis,3.13335
tbilisi,3.13335
electrophoretypes,3.13335
107,3.13335
isolates,3.13335
collected,3.13335
18,3.13335
months,3.13335
seven,3.13335
patterns,3.13335
"""",3.13335
represented,3.13335
74,3.13335
total,3.13335
number,3.13335
dominated,3.13335
whole,3.13335
seasonal,3.13335
various,3.13335
appearance,3.13335
registered,3.13335
electrophoretype,3.13335
detected,3.13335
hageman,3.13335
xii,3.13335
secific,3.13335
reproducible,3.13335
hf,3.13335
factory,3.13335
purified,3.13335
monospecific,3.13335
rabbit,3.13335
antibody,3.13335
precise,3.13335
measurements,3.13335
antigen,3.13335
low,3.13335
pooled,3.13335
=,3.13335
82,3.13335
existed,3.13335
titers,3.13335
clot,3.13335
promoting,3.13335
assays,3.13335
radioimmunoassays,3.13335
among,3.13335
adults,3.13335
confirming,3.13335
trait,0.74311
other,3.13335
plasmas,3.13335
individuals,3.13335
fletcher,0.70961
fitzgerald,0.70961
contained,3.13335
amounts,3.13335
reduced,3.13335
disseminated,1.19317
intravascular,1.19317
coagulation,1.19317
advanced,3.13335
liver,1.30618
cirrhosis,0.74311
under,3.13335
warfarin,3.13335
assay,3.13335
primates,3.13335
detectable,3.13335
nonprimate,3.13335
avian,3.13335
progressive,0.70961
facial,1.14864
hemiatrophy,1.14864
epileptic,3.13335
seizures,1.19317
intractable,1.14542
complex,0.68676
partial,0.70961
female,3.13335
intracranial,3.13335
computed,3.13335
tomography,3.13335
frontal,1.30618
paramedian,1.30618
band,1.30618
like,1.30618
depression,1.30618
gradually,3.13335
thereafter,3.13335
parry,3.13335
romberg,3.13335
parenchymal,3.13335
calcifications,3.13335
density,3.13335
areas,3.13335
matter,3.13335
frontoparietal,3.13335
neurologic,3.13335
could,3.13335
precede,3.13335
succeeding,3.13335
neurocutaneous,3.13335
remote,3.13335
unpolluted,3.13335
rural,3.13335
south,3.13335
africa,3.13335
14,3.13335
olds,3.13335
wupperthal,3.13335
north,3.13335
western,3.13335
cape,3.13335
province,3.13335
graphite,3.13335
furnace,3.13335
atomic,3.13335
absorption,3.13335
spectrometry,3.13335
analyse,3.13335
level,3.13335
micrograms,3.13335
dl,3.13335
value,3.13335
considered,3.13335
representative,3.13335
natural,3.13335
africans,3.13335
o,3.13335
femoral,3.13335
distractor,3.13335
ankle,3.13335
arthroscopy,3.13335
well,3.13335
technique,3.13335
pins,3.13335
tibia,3.13335
calcaneum,3.13335
able,3.13335
distraction,3.13335
easy,3.13335
operative,3.13335
manipulation,3.13335
obtained,3.13335
commercially,3.13335
distractors,3.13335
broad,3.13335
spectral,3.13335
parameters,3.13335
correlated,3.13335
iq,3.13335
wais,3.13335
all,3.13335
subscales,3.13335
40,3.13335
handed,3.13335
volunteers,3.13335
ranging,3.13335
eegs,3.13335
recorded,3.13335
derivations,3.13335
rest,3.13335
opened,3.13335
reveal,3.13335
positive,3.13335
negative,3.13335
correlations,3.13335
participation,3.13335
bands,3.13335
frequency,3.13335
show,3.13335
narrow,3.13335
range,3.13335
relations,3.13335
highlight,3.13335
psychological,3.13335
tests,3.13335
homogeneous,3.13335
abilities,3.13335
finer,3.13335
clearly,3.13335
explainable,3.13335
demonstrate,3.13335
recordings,3.13335
reflect,3.13335
intellectual,3.13335
stimulus,1.14542
postanoxic,0.70139
myoclonus,0.70139
discuss,3.13335
pathophysiology,3.13335
man,3.13335
sustained,3.13335
cardiorespiratory,1.19317
arrest,1.19317
lasted,3.13335
minutes,3.13335
unresponsive,3.13335
hours,3.13335
stimulation,3.13335
trigeminal,3.13335
innervated,3.13335
periorbital,3.13335
bursts,3.13335
spike,3.13335
generalized,3.13335
myoclonic,1.30618
jerks,1.30618
types,3.13335
did,3.13335
elicit,3.13335
32,3.13335
later,3.13335
nonreactive,3.13335
alpha,3.13335
coma,1.12605
died,3.13335
7,3.13335
days,3.13335
regularity,3.13335
suggests,3.13335
resting,3.13335
electrocerebral,3.13335
silence,3.13335
result,3.13335
suppression,3.13335
disinhibition,3.13335
brainstem,0.75321
generated,0.75321
entity,3.13335
audiology,3.13335
auditory,3.13335
processing,3.13335
speech,3.13335
recognition,3.13335
disorder,3.13335
[,0.77950
apd,3.13335
],1.19317
highly,3.13335
controversial,3.13335
controversy,3.13335
fueled,3.13335
ambiguous,3.13335
descriptions,3.13335
american,3.13335
language,3.13335
hearing,3.13335
academy,3.13335
sources,3.13335
say,3.13335
questionable,3.13335
define,3.13335
nature,3.13335
order,3.13335
intervention,3.13335
nosography,3.13335
systematic,3.13335
diseases,1.30618
physicians,3.13335
thomas,3.13335
sydenham,3.13335
otto,3.13335
guttentag,3.13335
criteria,3.13335
framework,3.13335
conceptualization,3.13335
haemostatic,0.75470
hepatosplenic,3.13335
schistosomiasis,3.13335
mansoni,1.14864
immuno,0.75470
regulatory,0.75470
endemic,3.13335
countries,3.13335
bleeding,1.30618
serious,3.13335
often,3.13335
life,3.13335
threatening,3.13335
prone,3.13335
develop,3.13335
linked,3.13335
ruptured,1.14864
esophageal,0.77950
varices,0.77950
deficit,3.13335
pronounced,3.13335
advancement,3.13335
maximal,3.13335
experience,3.13335
haematomesis,0.77950
evidences,3.13335
enhanced,3.13335
generation,3.13335
thrombin,3.13335
plasmin,3.13335
indicate,3.13335
grade,3.13335
dic,0.70853
principal,3.13335
demonstration,3.13335
procoagulant,3.13335
expression,3.13335
peripheral,3.13335
monocytes,3.13335
livers,3.13335
spleens,3.13335
intestines,3.13335
infected,1.30618
mice,3.13335
implication,3.13335
causation,3.13335
infections,0.75470
moreover,3.13335
indicates,3.13335
immune,3.13335
mechanisms,3.13335
localized,3.13335
seems,3.13335
likely,3.13335
responses,3.13335
schistosomes,3.13335
play,3.13335
pathogenic,3.13335
squamous,1.14864
pleura,0.75321
few,3.13335
reports,3.13335
tumours,0.75470
mesothelioma,3.13335
epidermoid,3.13335
occur,3.13335
connection,3.13335
persistent,3.13335
empyema,0.74311
drained,3.13335
pleurocutaneous,0.75470
extrapleural,0.75470
pneumothorax,0.70853
far,3.13335
somatosensory,3.13335
potentials,3.13335
tibial,3.13335
scalp,3.13335
sep,3.13335
three,3.13335
peaks,3.13335
p17,3.13335
p24,3.13335
p31,3.13335
additional,3.13335
inconsistent,3.13335
components,3.13335
p11,3.13335
p21,3.13335
p27,3.13335
presumable,3.13335
generator,3.13335
popliteal,3.13335
entry,3.13335
sacral,3.13335
plexus,3.13335
cauda,3.13335
equina,3.13335
conus,3.13335
medullaris,3.13335
rostral,3.13335
spinal,3.13335
cord,3.13335
lymphogranuloma,3.13335
venereum,3.13335
tonsil,0.75321
tonsillar,0.75321
similarities,3.13335
tonsils,3.13335
cervical,3.13335
importance,3.13335
histological,3.13335
abnormal,1.30618
reiterated,3.13335
68ga,3.13335
prostate,3.13335
treated,3.13335
stage,0.68676
iiib,0.68676
referred,3.13335
ga,3.13335
psma,3.13335
pet,3.13335
staging,3.13335
addition,3.13335
uptake,3.13335
increased,3.13335
enlarging,3.13335
lobe,1.14864
mass,1.14864
diffusely,3.13335
thyroid,3.13335
gland,3.13335
bilateral,3.13335
supraclavicular,3.13335
fine,3.13335
needle,3.13335
aspiration,3.13335
biopsy,3.13335
node,3.13335
adenocarcinoma,3.13335
interferon,3.13335
recent,3.13335
demonstrating,3.13335
therapy,3.13335
six,3.13335
myeloid,3.13335
leukaemia,3.13335
essential,1.14542
thrombocythemia,3.13335
polycythemia,3.13335
rubra,1.14864
vera,1.14864
myelomatosis,3.13335
hairy,3.13335
screen,3.13335
severity,3.13335
mild,1.12605
traumatic,3.13335
brain,3.13335
injury,3.13335
investigated,3.13335
sensitivity,3.13335
information,3.13335
recall,3.13335
orientation,3.13335
tasks,3.13335
mtbi,1.12605
fifty,3.13335
85,3.13335
57,3.13335
28,3.13335
controls,3.13335
24,3.13335
hr,3.13335
department,3.13335
emergency,3.13335
medicine,3.13335
answered,3.13335
fewer,3.13335
questions,3.13335
recalled,3.13335
words,3.13335
delayed,3.13335
judged,3.13335
sentences,3.13335
correctly,3.13335
immediate,3.13335
memory,3.13335
learning,3.13335
previous,3.13335
perform,3.13335
speed,3.13335
word,3.13335
effects,3.13335
gamma,3.13335
globin,3.13335
promoter,3.13335
base,3.13335
pair,3.13335
deletion,3.13335
mutant,3.13335
shows,3.13335
polymorphic,3.13335
throughout,3.13335
gene,3.13335
fetal,3.13335
genes,3.13335
australian,3.13335
kindred,3.13335
nondeletional,1.19317
hereditary,3.13335
persistence,3.13335
hemoglobin,3.13335
hpfh,3.13335
cloned,3.13335
sequenced,3.13335
198,1.19317
mutation,1.19317
british,1.12605
upstream,3.13335
allele,3.13335
identified,3.13335
222,3.13335
225,3.13335
bp,3.13335
cap,3.13335
site,3.13335
variations,3.13335
ana,3.13335
transition,3.13335
exon,3.13335
402,3.13335
relative,3.13335
hindiii,3.13335
polymorphism,3.13335
intron,3.13335
untranslated,3.13335
region,3.13335
tcac,3.13335
place,3.13335
ctct,3.13335
creating,3.13335
saci,3.13335
previously,3.13335
linkage,3.13335
noteworthy,3.13335
simultaneous,3.13335
mutants,3.13335
same,3.13335
despite,3.13335
resulting,3.13335
phenotype,3.13335
k562,3.13335
transient,3.13335
statistically,3.13335
control,3.13335
vivo,3.13335
identification,3.13335
enzymatically,3.13335
normalized,3.13335
shrna,3.13335
library,3.13335
massive,3.13335
parallel,3.13335
sequencing,3.13335
general,3.13335
approximately,3.13335
150,3.13335
shrnas,3.13335
per,3.13335
redundance,3.13335
cdna,3.13335
constructed,3.13335
inducible,3.13335
lentiviral,3.13335
vector,3.13335
enabling,3.13335
propagation,3.13335
growth,3.13335
inhibiting,3.13335
controlled,3.13335
rnai,3.13335
activities,3.13335
101,3.13335
clones,3.13335
representing,3.13335
100,3.13335
201,3.13335
firefly,3.13335
luciferase,3.13335
structure,3.13335
datasets,3.13335
yielded,3.13335
set,3.13335
structural,3.13335
efficacy,3.13335
increasing,3.13335
frequencies,3.13335
active,3.13335
random,3.13335
sampling,3.13335
select,3.13335
inhibit,3.13335
breast,3.13335
targeting,3.13335
oncogenes,3.13335
targeted,3.13335
selected,3.13335
enriched,3.13335
pathways,3.13335
9,3.13335
cancers,3.13335
cycle,3.13335
progression,3.13335
apoptosis,3.13335
hundred,3.13335
nineteen,3.13335
selection,3.13335
drug,3.13335
targets,3.13335
interfering,3.13335
rnas,3.13335
inhibited,3.13335
validating,3.13335
efficiency,3.13335
throughput,3.13335
target,3.13335
giant,1.30618
tuberculomata,0.70139
misdiagnosed,3.13335
secondary,3.13335
describe,3.13335
attenuation,1.30618
rim,3.13335
enhancement,3.13335
calcific,0.75470
enhance,3.13335
hypoattenuation,3.13335
recovered,3.13335
antituberculous,3.13335
chemotherapy,3.13335
perinatal,0.70139
arterial,0.70139
placental,1.12605
chorioangioma,1.12605
chorioangiomas,0.68757
benign,0.68757
several,3.13335
obstetric,1.30618
premature,0.74311
labor,0.74311
abruption,0.70853
polyhydramnios,0.70853
hydrops,0.70853
restriction,1.30618
hepatosplenomegaly,0.70853
cardiomegaly,0.70853
congestive,1.19317
neonatal,3.13335
fetalis,1.19317
microangiopathic,3.13335
hemolytic,3.13335
anemia,3.13335
thrombocytopenia,3.13335
remains,3.13335
majority,3.13335
investigators,3.13335
setting,3.13335
stroke,1.19317
birth,0.74311
asphyxia,0.70853
preeclampsia,1.19317
chorioamnionitis,0.70853
infection,0.75470
genetic,0.75321
thrombophilias,0.70139
psychophysiological,3.13335
reactions,3.13335
qigong,3.13335
traditional,3.13335
chinese,3.13335
meditation,3.13335
indian,3.13335
yoga,3.13335
japanese,3.13335
zen,3.13335
category,3.13335
psychotherapy,3.13335
series,3.13335
course,3.13335
training,3.13335
inappropriate,3.13335
physical,3.13335
mental,3.13335
disturbances,3.13335
include,3.13335
emg,3.13335
respiratory,3.13335
movement,3.13335
rate,3.13335
temperature,3.13335
finger,3.13335
tip,3.13335
stomach,3.13335
intestine,3.13335
metabolism,3.13335
immunity,3.13335
systems,3.13335
motor,3.13335
phenomena,3.13335
perceptual,3.13335
experienced,3.13335
warmness,3.13335
chilliness,3.13335
itching,3.13335
sensation,3.13335
numbness,1.30618
soreness,1.30618
bloatedness,3.13335
relaxation,3.13335
tenseness,3.13335
floating,3.13335
dropping,3.13335
enlargement,3.13335
constriction,3.13335
body,3.13335
image,3.13335
rising,3.13335
sky,3.13335
falling,3.13335
off,3.13335
upside,3.13335
down,3.13335
playing,3.13335
swing,3.13335
respiration,3.13335
circulation,3.13335
intrinsic,3.13335
qi,3.13335
electric,3.13335
shock,3.13335
formication,3.13335
exercise,3.13335
dreamland,1.30618
illusions,1.30618
unreality,3.13335
pseudohallucination,1.14864
vanished,3.13335
terminated,3.13335
deviation,0.75470
diagnostic,3.13335
now,3.13335
widely,3.13335
china,3.13335
antiproliferative,3.13335
homogenates,3.13335
candidate,3.13335
probiotic,3.13335
unheated,3.13335
heat,3.13335
separately,3.13335
lactobacillus,3.13335
rhamnosus,3.13335
gg,3.13335
bifidobacterium,3.13335
lactis,3.13335
acidophilus,3.13335
delbrueckii,3.13335
subsp,3.13335
bulgaricus,3.13335
streptococcus,3.13335
thermophilus,3.13335
phytohemagglutinin,3.13335
induced,3.13335
proliferation,3.13335
mononuclear,3.13335
homogenate,3.13335
assessing,3.13335
thymidine,3.13335
incorporation,3.13335
cultures,3.13335
suppressed,3.13335
enzymatic,3.13335
heating,3.13335
repeated,3.13335
cytoplasmic,3.13335
wall,3.13335
extracts,3.13335
extract,3.13335
suppressive,3.13335
possess,3.13335
stable,3.13335
generate,3.13335
microbiologically,3.13335
nonviable,3.13335
yet,3.13335
immunologically,3.13335
food,3.13335
products,3.13335
easier,3.13335
store,3.13335
longer,3.13335
shelf,3.13335
focal,0.70853
neurological,0.70853
sarcoidosis,3.13335
presents,3.13335
only,3.13335
infrequently,3.13335
recurrent,3.13335
rarer,3.13335
still,3.13335
describes,3.13335
episodic,3.13335
fluent,3.13335
dysphasia,0.70853
abrupt,3.13335
onset,3.13335
occurring,3.13335
seizure,1.19317
macroscopic,3.13335
granulomatous,3.13335
collection,3.13335
neurosarcoidosis,3.13335
mimic,3.13335
classic,3.13335
ischaemic,0.70139
questionnaire,3.13335
transplant,3.13335
quality,3.13335
recipients,3.13335
list,3.13335
items,3.13335
created,3.13335
50,3.13335
rated,3.13335
item,3.13335
judgment,3.13335
create,3.13335
consists,3.13335
dimensions,3.13335
fatigue,3.13335
uncertainty,3.13335
fear,3.13335
emotions,3.13335
dimension,3.13335
scored,3.13335
point,3.13335
likert,3.13335
scale,3.13335
reproducibility,3.13335
administered,3.13335
intraclass,3.13335
coefficients,3.13335
91,3.13335
scores,3.13335
except,3.13335
improved,3.13335
transplantation,3.13335
pretransplantation,3.13335
graft,3.13335
creatinine,3.13335
250,3.13335
mmol,3.13335
grafts,3.13335
administer,3.13335
valid,3.13335
responsive,3.13335
change,3.13335
carbon,3.13335
monoxide,3.13335
suppresses,3.13335
tlr4,3.13335
via,3.13335
differentiation,3.13335
betatc3,3.13335
islet,3.13335
allografts,3.13335
donor,3.13335
exposed,3.13335
rejection,3.13335
trafficking,3.13335
activation,3.13335
islets,3.13335
molecular,3.13335
how,3.13335
remain,3.13335
focus,3.13335
insulinoma,1.19317
line,3.13335
stably,3.13335
transfected,3.13335
pcdna3,3.13335
yfp,3.13335
pdsred,3.13335
monomer,3.13335
golgi,3.13335
plasmids,3.13335
identify,3.13335
subcellular,3.13335
lps,3.13335
confocal,3.13335
immunofluorescence,3.13335
resides,3.13335
apparatus,3.13335
quiescent,3.13335
led,3.13335
interaction,3.13335
md,3.13335
immunoprecipitation,3.13335
depleting,3.13335
rna,3.13335
blocking,3.13335
glycosylation,3.13335
tunicamycin,3.13335
blocked,3.13335
exposing,3.13335
parts,3.13335
million,3.13335
conclusion,3.13335
required,3.13335
consequent,3.13335
transvesical,3.13335
endoscopic,3.13335
placement,3.13335
sutures,3.13335
urethral,3.13335
strictures,3.13335
reapproximation,3.13335
urethra,3.13335
across,3.13335
excised,3.13335
scar,3.13335
requires,3.13335
perineum,3.13335
external,3.13335
sphincter,3.13335
prostatic,3.13335
itself,3.13335
problematic,3.13335
suprapubic,3.13335
cystostomy,3.13335
eliminates,3.13335
usual,3.13335
difficulties,3.13335
volatile,3.13335
flavor,3.13335
rice,3.13335
cakes,3.13335
volatiles,3.13335
laboratory,3.13335
dynamic,3.13335
headspace,3.13335
isolation,3.13335
tenax,3.13335
trapping,3.13335
carried,3.13335
out,3.13335
capillary,3.13335
gc,3.13335
ms,3.13335
compounds,3.13335
hydroxy,3.13335
propanone,3.13335
furfuryl,3.13335
alcohol,3.13335
dimethylpyrazine,3.13335
methylpyrazine,3.13335
pyrazine,3.13335
hexanal,3.13335
furfural,3.13335
pentanol,3.13335
butanone,3.13335
acetoin,3.13335
ethyl,3.13335
ideally,3.13335
applicable,3.13335
dry,3.13335
product,3.13335
ratios,3.13335
probability,3.13335
contributing,3.13335
aroma,3.13335
methylbutanal,3.13335
dimethyl,3.13335
trisulfide,3.13335
vinylguaiacol,3.13335
e,3.13335
decadienal,3.13335
acetyl,3.13335
pyrroline,3.13335
octen,3.13335
ol,3.13335
