Word	Difficulty
iatrogenic	3.23801
systematic	3.23801
magnetic	3.23801
hinshawii	3.23801
dynamic	3.23801
plasmids	3.23801
four	3.23801
circuitry	3.23801
consists	3.23801
tonsillar	3.23801
biopotential	3.23801
localized	3.23801
poorly	2.45548666667
coarctation	1.47149
physiological	2.64917
intron	3.23801
disability	0.827435
rostral	3.23801
vinylguaiacol	3.23801
endings	3.23801
presents	3.23801
numbness	3.23801
under	1.47149
alternating	3.23801
vaso	3.23801
hypertensive	0.89044
cardiomegaly	1.47149
activation	3.23801
upstream	3.23801
experimentally	3.23801
bringing	3.23801
anemia	0.70186
differentiated	3.23801
pooled	3.23801
progression	3.23801
supports	3.23801
vector	3.23801
enhance	3.23801
shows	3.23801
luciferase	3.23801
hemodynamics	3.23801
japanese	3.23801
second	3.23801
estimated	3.23801
blue	3.23801
established	3.23801
filtration	1.47149
organisms	3.23801
excised	3.23801
selected	3.23801
consequent	3.23801
unreality	0.89044
qigong	3.23801
new	3.23801
increasing	3.23801
transvesical	3.23801
mechanisms	3.23801
never	3.23801
kindred	3.23801
here	3.23801
reported	2.51845222222
endoscopic	3.23801
represented	3.23801
100	3.23801
101	3.23801
107	3.23801
obtained	3.23801
apical	3.23801
kids	3.23801
allele	2.15867333333
forum	3.23801
glycolipids	3.23801
items	3.23801
study	2.87823111111
changed	3.23801
completely	3.23801
reports	3.23801
controversy	3.23801
etiology	3.23801
transfected	3.23801
changes	2.06882833333
interferon	3.23801
highly	3.23801
psychological	1.97898333333
atrium	0.735745
total	3.23801
kobayashi	3.23801
derivatives	3.23801
would	3.23801
osteoma	0.8183
hospital	3.23801
microdilution	3.23801
negative	3.23801
subgrouped	3.23801
leaks	3.23801
therefore	3.23801
m2	3.23801
type	2.79638
until	3.23801
butanone	3.23801
aware	3.23801
99	3.23801
reversible	0.518555
adult	3.23801
91	3.23801
microbiologically	3.23801
blocking	3.23801
68ga	0.89044
md	3.23801
word	3.23801
mm	3.23801
ml	3.23801
work	3.23801
mammalian	3.23801
root	3.23801
unilateral	1.22745
indicated	3.23801
hemoglobin	3.23801
hippurate	1.47149
confocal	3.23801
risk	3.23801
end	2.4285075
provide	3.23801
niemann	3.23801
damage	1.28105
far	3.23801
clubbing	0.68018
iiib	0.74329
eyeballs	3.23801
description	3.23801
less	2.15867333333
after	3.120242
percutaneous	3.23801
midbrain	3.23801
parallel	3.23801
types	3.23801
childhood	3.23801
perform	3.23801
checkerboard	3.23801
upside	0.89044
correlation	3.23801
order	3.23801
restriction	1.47149
amplifying	3.23801
zen	3.23801
affect	3.23801
responsive	3.23801
before	1.619005
auditory	2.56782333333
clearances	1.47149
better	3.23801
402	3.23801
distal	2.64917
easier	3.23801
phenotype	3.23801
maximal	3.23801
then	3.23801
diseases	3.23801
combination	3.23801
fixation	3.23801
safe	2.15867333333
neurological	1.47149
band	1.8179
hypoxia	1.47149
therapy	1.619005
effects	2.482594
they	3.23801
mimicking	3.23801
structural	3.23801
probiotic	3.23801
sids	3.23801
l	1.619005
stimulus	1.1431975
each	3.23801
interfering	3.23801
side	1.71521333333
bone	1.48848666667
mean	2.64917
series	3.23801
displacement	1.47149
attenuation	0.89044
webbed	3.23801
extract	3.23801
peaks	3.23801
rv	0.912096
gradient	1.47149
thrombin	1.47149
tonsil	0.34009
crucial	3.23801
content	3.23801
medicine	1.619005
arizona	3.23801
cirrhosis	0.70186
frontoparietal	0.76033
mistaking	3.23801
popliteal	3.23801
mononuclear	3.23801
rubra	3.23801
equina	3.23801
exposing	3.23801
created	3.23801
denture	1.45922888889
days	3.23801
creates	3.23801
levels	1.707148
features	3.23801
grade	3.23801
vitro	3.23801
hearing	3.23801
electronic	3.23801
170	3.23801
seizures	0.643103333333
olds	3.23801
rated	3.23801
neuromuscular	3.23801
xii	1.619005
pleura	1.8782825
approximately	3.23801
confirming	3.23801
rates	1.47149
observations	3.23801
myelomonocytic	3.23801
ranging	3.23801
dilated	1.46024
intestine	1.47149
serve	3.23801
wrapped	1.47149
western	3.23801
target	3.23801
showed	3.23801
likely	3.23801
binds	3.23801
prone	3.23801
acquisition	2.4285075
plasmin	1.47149
failing	1.09061
membranes	2.15867333333
stomach	1.47149
relatively	3.23801
psma	1.47149
isolated	1.89763666667
indexes	3.23801
chest	1.47149
subjects	3.23801
shelf	3.23801
isolates	3.23801
mutants	3.23801
tibia	3.23801
epileptic	1.09061
memory	1.47149
checkerboards	3.23801
it	3.23801
involving	3.23801
carcinoma	1.95431
immunological	3.23801
observation	3.23801
flow	1.5452475
pathohistologic	3.23801
points	3.23801
sphingomyelinase	1.47149
advisory	3.23801
basolateral	3.23801
manifestation	3.23801
ipsilateral	3.23801
papillary	0.68018
availability	3.23801
representing	3.23801
minnesota	3.23801
hemiatrophy	2.37175333333
judged	1.47149
rice	3.23801
wearing	2.35475
do	3.23801
wide	3.23801
haemophilus	3.23801
yielded	3.23801
aetiology	3.23801
yfp	3.23801
reversal	1.47149
despite	3.23801
report	3.23801
emg	1.47149
abdominal	1.22745
microscopy	2.15867333333
public	3.23801
release	0.67079
implication	3.23801
electrodes	3.23801
clarified	3.23801
peripheral	3.23801
testing	3.23801
unexpectedly	3.23801
cytoplasmic	3.23801
result	3.23801
techniques	3.23801
capacity	3.23801
04	3.23801
05	3.23801
finger	1.47149
365	3.23801
ocular	2.6511175
assays	3.23801
nature	3.23801
inaba	3.23801
however	3.23801
carbon	3.23801
linkage	3.23801
atrial	0.70186
uncrossed	3.23801
myoclonic	0.76033
store	3.23801
amoxicillin	3.23801
uncertainty	3.23801
against	3.23801
ventricular	0.958403333333
pre	3.23801
somatosensory	3.23801
appeared	3.23801
seizure	0.74329
advancement	3.23801
active	3.23801
hygiene	2.61859
cannulation	3.23801
250	3.23801
pentanol	3.23801
presumable	3.23801
recognises	3.23801
three	3.23801
been	3.23801
empyema	1.47149
immunologically	3.23801
entered	3.23801
lactis	3.23801
issignificantly	3.23801
dry	3.23801
life	2.15867333333
efficacy	3.23801
bladder	1.39532
uncommon	3.23801
erythema	0.74329
child	1.09061
guttentag	3.23801
calcified	0.76033
inhibit	3.23801
say	3.23801
n	1.07933666667
aim	3.23801
abrupt	1.47149
precede	3.23801
procedure	3.23801
seven	3.23801
equator	2.15867333333
reproducibility	3.23801
broth	3.23801
ureter	1.41622
perinatal	2.73537
ii	3.23801
elicit	3.23801
tissue	1.52080333333
hygienist	3.23801
in	3.05349655738
comparative	3.23801
if	3.23801
containing	2.79638
severity	3.23801
romberg	3.23801
patent	0.65961
suggest	3.23801
recurrent	0.68018
linked	3.23801
complex	3.23801
potentially	3.23801
split	2.64917
big	3.23801
several	3.23801
independent	3.23801
myocardial	0.964655
syncopal	3.23801
osteotomy	3.23801
hand	3.23801
potentials	3.23801
myelomatosis	3.23801
cycle	3.23801
allografts	3.23801
constriction	0.89044
episodic	1.09061
min	2.35475
disseminated	1.01065
radioimmunoassay	3.23801
squamous	3.23801
contact	3.23801
the	3.06186947917
left	1.63155857143
seasonal	3.23801
birth	0.64843
identify	3.23801
human	3.23801
yet	3.23801
succeeding	3.23801
previous	3.23801
thyroid	3.23801
visualization	3.23801
arai	3.23801
nonprimate	3.23801
candidate	3.23801
similarities	3.23801
had	3.23801
pathognomonic	3.23801
evidences	3.23801
neoplasm	0.70186
advanced	3.23801
easy	3.23801
hemisensory	1.47149
has	3.23801
plasma	2.10950166667
gave	3.23801
elevation	3.23801
rna	3.23801
possible	3.23801
audiology	2.15867333333
background	3.23801
clustered	3.23801
cape	3.23801
unique	3.23801
ascending	0.79615
occurring	3.23801
54	3.23801
occlusion	1.44287333333
50	3.23801
specific	1.99066545455
vibrometry	1.619005
signal	3.23801
right	1.82270333333
old	2.77543714286
insulinoma	0.76033
multiple	3.23801
psychogenic	1.22745
separately	3.23801
for	3.23801
contributing	3.23801
lymphadenectomy	3.23801
cortical	2.15867333333
participation	2.35475
cord	3.23801
insipidus	3.23801
jejuni	3.23801
dental	3.23801
metastatic	1.16426333333
midbody	3.23801
lentiviral	3.23801
months	3.23801
anomalous	3.23801
o	3.23801
influenzae	0.735745
eight	3.23801
nerve	1.73879555556
raised	1.47149
leukemias	3.23801
tetanus	1.47149
presence	3.23801
intellectual	3.23801
down	0.89044
loin	1.09061
reducing	3.23801
malignancies	1.3690275
often	3.23801
existed	3.23801
vaccination	3.23801
]	1.22745
support	2.69834166667
initial	3.23801
clinical	3.23801
fraction	3.23801
resulted	3.23801
was	3.017195
metabolism	1.47149
head	0.84277
form	3.23801
decadienal	3.23801
differences	3.23801
analyse	3.23801
failure	0.855995
heat	3.23801
incorporation	3.23801
sustained	3.23801
225	3.23801
222	3.23801
renal	2.07759083333
hypoplastic	1.47149
responding	3.23801
devices	1.619005
complications	2.83325875
150	3.23801
homonymous	3.23801
classic	3.23801
aorto	3.23801
proven	3.23801
evidence	3.23801
acetoin	3.23801
gland	3.23801
floating	0.89044
distributions	3.23801
constructed	3.23801
shigella	3.23801
epidemiological	3.23801
no	2.884706
innervated	3.23801
whereas	3.23801
fitzgerald	1.01065
handed	1.47149
setting	3.23801
role	3.23801
digital	3.23801
test	3.23801
vegetative	3.23801
vegetativa	3.23801
node	3.23801
picture	3.23801
concurrent	3.23801
cyanosis	1.78457333333
rising	0.89044
scores	2.15867333333
cleaves	3.23801
died	3.23801
longer	3.23801
together	3.23801
time	2.64917
serious	3.23801
urinary	1.574105
concept	3.23801
focus	3.23801
mild	3.23801
skin	1.36496333333
abundant	3.23801
spike	1.47149
layers	3.23801
depend	3.23801
disorders	1.540694
nineteen	3.23801
technique	3.23801
indolent	3.23801
passage	3.23801
ureteroureterostomy	3.23801
paramedian	1.09061
promoting	3.23801
monocytes	3.23801
postgraduation	3.23801
acidophilus	3.23801
protective	3.23801
frequencies	3.23801
respiratory	1.47149
presented	1.942806
did	3.23801
dic	3.23801
p	3.23801
mucosal	3.23801
eosinophilic	0.74329
epidemiology	3.23801
perceptual	1.22745
accumulation	3.23801
inconsistent	3.23801
siga	2.35475
upper	1.47149
unexpected	3.23801
occurrence	2.15867333333
findings	3.23801
cancellous	3.23801
bacteria	2.590408
spectral	1.47149
streptococcus	3.23801
sacral	3.23801
distension	3.23801
current	3.23801
international	3.23801
falling	0.89044
hairy	3.23801
supporting	1.47149
statistically	3.23801
genes	3.23801
water	3.23801
catarrhalis	3.23801
wais	3.23801
along	1.47149
polydipsia	0.467906666667
healthy	3.23801
shift	2.06033
studied	1.619005
commonly	3.23801
hydrostatic	1.47149
wupperthal	3.23801
simultaneous	3.23801
throughput	3.23801
diagnosed	1.619005
domains	3.23801
resonance	3.23801
studies	3.23801
subscales	3.23801
tasks	3.23801
problematic	3.23801
parenchymal	3.23801
tenseness	1.03711
ureters	1.01065
islet	3.23801
transplant	2.4285075
sympathetic	2.35475
positive	3.23801
anatomical	2.35475
scenarios	3.23801
territories	3.23801
chilliness	0.64843
criteria	2.15867333333
enriched	3.23801
australian	3.23801
ductus	0.65961
visual	2.06033
cases	2.15867333333
indicates	3.23801
cap	3.23801
modified	3.23801
inflamed	1.09061
reviews	3.23801
makino	3.23801
can	3.23801
following	2.73329
making	3.23801
heart	1.68299
neurosarcoidosis	1.22745
multifactorial	3.23801
schieber	3.23801
medullaris	3.23801
stroke	1.22745
performed	1.619005
capsules	3.23801
conversely	3.23801
occur	3.23801
dyspnoea	1.47149
septic	3.23801
secretory	2.35475
1	3.23801
immune	2.64917
cardinal	1.04189666667
pins	3.23801
immuno	3.23801
parameter	3.23801
redundance	3.23801
product	3.23801
rigors	3.23801
may	3.23801
fueled	3.23801
cardiac	2.1184625
such	3.23801
misdiagnosed	3.23801
revealed	3.23801
folliculitis	0.98537
man	3.23801
natural	3.23801
drained	3.23801
purification	3.23801
fluent	1.09061
branched	3.23801
gamma	3.23801
sm	3.035634375
dreamland	0.89044
tbilisi	1.619005
exclusive	3.23801
shrna	3.23801
considerations	3.23801
mainly	3.23801
years	3.23801
stability	3.23801
brain	1.09061
blocked	3.23801
group	3.23801
thumb	0.735745
how	3.23801
duplex	2.12433
reacting	3.23801
lesions	1.133925
osteoid	1.22745
titers	3.23801
sensitivity	3.23801
schistosomes	1.47149
main	3.23801
uptake	1.47149
into	3.23801
non	2.59587142857
thereby	3.23801
exon	3.23801
cuniform	3.23801
infarcts	0.74329
now	3.23801
provision	3.23801
discuss	3.23801
pyrazine	3.23801
possess	3.23801
administer	3.23801
term	3.23801
arteriolar	1.066412
coagulation	1.01065
veins	0.735745
instability	1.01065
significantly	3.23801
fistula	0.481596666667
abnormal	0.68018
temporo	3.23801
year	3.23801
phalanx	2.35475
stenotic	1.177945
factory	3.23801
perineum	3.23801
increase	1.47149
contained	3.23801
investigation	3.23801
trauma	0.915003333333
suggesting	3.23801
correct	3.23801
esophageal	1.09061
arthritis	3.23801
pathogenic	3.23801
million	3.23801
electrophoretype	3.23801
possibility	3.23801
diagnostic	3.23801
recordings	3.23801
complicated	3.23801
hpfh	2.4285075
training	3.23801
language	3.23801
transition	3.23801
british	3.23801
grifka	3.23801
place	3.23801
massive	3.23801
swing	1.47149
neglect	1.09061
frequent	3.23801
first	3.23801
dimethyl	3.23801
immunoelectron	3.23801
one	2.98893230769
psychophysiological	1.47149
specifically	3.23801
osteomas	1.22745
open	3.23801
calcific	0.79636
malrotation	0.89044
lens	2.15867333333
anteriorly	1.47149
stimulation	3.23801
indicate	3.23801
2	2.89457083333
adenocarcinoma	1.01065
white	2.41211666667
structures	1.47149
anderluh	3.23801
eyes	3.23801
pleurocutaneous	0.79636
that	3.23801
eliminates	3.23801
gastroenteritis	1.22745
tuberculomata	0.70186
mtbi	2.64928090909
than	2.94359
coefficients	3.23801
11	2.4285075
10	3.23801
12	3.23801
15	3.23801
14	3.23801
16	3.23801
19	3.23801
18	3.23801
require	3.23801
kishimoto	3.23801
shunting	0.518555
protected	3.23801
were	3.19271461538
and	3.04236281818
radioimmunoassays	3.23801
ana	3.23801
remained	3.23801
cardiorespiratory	0.70186
innominate	1.47149
abnormalities	1.028764
saw	1.619005
any	3.23801
conversion	3.23801
efficient	3.23801
papular	1.22745
potential	2.575565
fracture	3.23801
potassium	3.23801
28	3.23801
201	3.23801
pain	1.82327666667
normal	3.061358
beta	3.23801
furfuryl	3.23801
tract	2.35475
pair	3.23801
knee	2.4285075
paget	3.23801
inserted	3.23801
probes	3.23801
especially	3.23801
shrnas	3.23801
considered	3.23801
later	3.23801
methanol	3.23801
rotaviral	3.23801
peptides	3.23801
trafficking	3.23801
dispersed	3.23801
typically	3.23801
precise	3.23801
obstructive	0.953815
show	3.23801
synchronous	0.67079
fifty	3.23801
fletcher	1.01065
threshold	2.531402
iq	1.47149
investigators	3.23801
behind	3.23801
only	3.23801
black	3.23801
over	3.23801
absent	2.64917
homogenate	3.23801
affecting	3.23801
primates	3.23801
is	3.23801
secondary	3.23801
reveal	3.23801
median	1.82327666667
medial	3.23801
across	3.23801
hypothalamospinal	3.23801
erythromycin	3.23801
gianturco	3.23801
relative	3.23801
vivo	3.23801
eliminating	3.23801
surgery	3.23801
enzymatically	3.23801
inhibitory	3.23801
compounds	3.23801
review	3.23801
circulating	3.23801
vaccines	0.735745
3	2.96817583333
between	3.23801
reproducible	3.23801
dextroversion	0.44522
ruptured	3.23801
suppresses	3.23801
originated	3.23801
tur	3.23801
ventroposterolateral	3.23801
horner	3.23801
coma	1.47149
article	3.23801
cervical	3.23801
suppressed	3.23801
soreness	0.64843
isthmus	0.371645
acquiring	3.23801
warmness	1.47149
region	3.23801
enabling	3.23801
propagation	3.23801
s	2.4285075
hypothesis	3.23801
expression	3.23801
supraclavicular	3.23801
among	3.23801
filtering	3.23801
cancer	1.56306857143
color	2.06033
unpolluted	3.23801
period	2.15867333333
innovations	3.23801
60	3.23801
occluder	1.619005
stretched	3.23801
learning	2.35475
zonular	3.23801
constant	1.47149
considers	3.23801
amino	1.47149
considering	3.23801
unusual	3.23801
wearers	3.23801
aorta	1.13382
conceptualization	3.23801
detected	2.64917
jerks	0.76033
tonsils	3.23801
combined	2.06033
500	3.23801
direction	3.23801
formed	3.23801
resistance	1.066412
external	3.23801
bmy	3.23801
nigricans	0.371645
those	3.23801
case	3.23801
resides	3.23801
these	3.23801
acanthosis	0.74329
premature	0.79636
hypertrophy	0.76033
trisulfide	3.23801
pdsred	3.23801
procoagulant	3.23801
orientation	2.64917
arteriosus	0.65961
sleeping	3.23801
regularity	3.23801
sudden	3.23801
proteolytic	3.23801
spleens	3.23801
protein	3.23801
pericardium	3.23801
creatinine	3.23801
different	3.23801
develop	3.23801
coexisting	3.23801
same	3.23801
speech	3.23801
otto	3.23801
physical	2.739066
events	3.23801
lymphomas	3.23801
sacrum	3.23801
persons	3.23801
diversion	1.47149
reference	3.23801
hydroxy	3.23801
severe	3.23801
without	2.687785
relief	3.23801
components	3.23801
model	3.23801
dimension	3.23801
researchers	3.23801
consisted	3.23801
being	2.64917
when	3.23801
rest	3.23801
clot	3.23801
unclear	2.15867333333
proximal	3.23801
differentiation	3.23801
flavor	3.23801
speed	3.23801
ethyl	3.23801
death	2.590408
staging	3.23801
generator	3.23801
seems	3.23801
except	3.23801
delbrueckii	3.23801
improvement	3.23801
wall	3.23801
4	2.914209
samples	3.23801
electrical	2.35475
aspects	3.23801
around	2.35475
haematuria	3.23801
early	3.23801
microangiopathic	0.70186
using	3.23801
lady	3.23801
vanished	3.23801
acute	2.363058
ductal	1.47149
malignancy	1.11905
revaccination	1.47149
t	1.619005
neurologic	3.23801
reduced	2.35475
scored	3.23801
satisfactory	3.23801
exposed	3.23801
zonula	3.23801
zonule	2.15867333333
presentation	2.4285075
moreover	3.23801
questionnaire	3.23801
intact	3.23801
provided	3.23801
dimensions	2.15867333333
recorded	3.23801
critical	3.23801
deficit	1.177192
transurethral	1.03711
moderate	3.23801
cephalosporin	3.23801
bloatedness	3.23801
scientific	3.23801
k562	3.23801
breastfeed	3.23801
anticlockwise	3.23801
ratios	3.23801
fractured	0.64843
mmol	3.23801
earlier	3.23801
comparison	3.23801
ol	3.23801
central	2.95078714286
enzymatic	3.23801
of	3.05777430678
discussed	1.619005
practical	3.23801
betatc3	3.23801
concentrations	3.23801
discusses	3.23801
or	2.89218333333
enhancement	3.23801
formication	0.89044
pretransplantation	3.23801
aortic	2.15110454545
image	0.89044
propanone	3.23801
spinal	3.23801
involvement	3.23801
determine	3.23801
gomez	3.23801
mental	0.74329
area	2.32819714286
there	3.23801
hepatosplenomegaly	0.79636
detectable	3.23801
low	2.27296
tight	3.23801
sonographic	1.47149
delayed	0.89044
principles	3.23801
follicular	1.30879666667
posterior	3.07741727273
lymph	3.23801
clones	3.23801
mice	3.23801
with	3.1980712
october	3.23801
improved	3.23801
circulation	1.47149
equinatoxin	3.23801
aneurysm	0.635876666667
trigeminal	3.23801
palate	3.23801
lactobacillus	3.23801
contralateral	2.294009
rvh	0.526395
avian	3.23801
deep	3.23801
an	3.0908
examine	3.23801
hypertension	1.803475
inulin	1.47149
laboratory	3.23801
tibial	3.23801
pmol	3.23801
assessing	3.23801
yoga	3.23801
ideally	3.23801
administered	3.23801
ctct	3.23801
igg	2.35475
field	3.23801
valid	3.23801
5	3.23801
iga	2.35475
you	3.23801
immunity	1.47149
poor	1.99917
briefly	3.23801
separate	3.23801
students	3.23801
important	3.23801
peak	1.47149
included	3.23801
remote	3.23801
bilateral	0.64422
mimic	3.23801
inhibited	3.23801
mass	1.22745
electrophoretypes	3.23801
sensibility	1.47149
oral	3.23801
original	3.23801
represent	3.23801
all	3.23801
chinese	3.23801
surgical	3.23801
systemic	1.97915
varices	1.09061
follow	3.23801
meditation	3.23801
children	1.619005
polarity	3.23801
to	3.045249
program	3.23801
28100	2.590408
dominated	3.23801
nodes	2.15867333333
cytokinesis	2.15867333333
endogenous	3.23801
conus	3.23801
activities	3.23801
very	3.23801
fat	1.47149
parry	3.23801
vera	3.23801
interpreting	3.23801
candida	0.76033
salmonella	3.23801
difference	1.47149
capillary	3.23801
condition	1.44287333333
motor	1.22745
induced	3.23801
neurocutaneous	1.47149
deficient	2.35475
list	3.23801
applicable	3.23801
large	1.964272
glaucomatous	0.89044
small	3.23801
reimplantation	3.23801
pyrroline	3.23801
198	3.23801
ten	3.23801
cerebrovascular	3.23801
headspace	3.23801
rate	1.47149
design	3.23801
perspective	3.23801
functioning	2.45548666667
abe	3.23801
palatal	3.23801
lactamase	3.23801
endothelin	2.77543714286
excitatory	3.23801
learned	3.23801
electrocerebral	1.47149
method	3.23801
contrast	1.07933666667
movement	1.47149
diffusely	3.23801
component	3.23801
hours	3.23801
relaxation	1.47149
multiforme	0.495526666667
commercially	3.23801
900	3.23801
thymidine	3.23801
experience	3.23801
prior	3.23801
infrequently	3.23801
base	3.23801
pick	3.23801
narrow	3.23801
via	3.23801
vasopressin	0.67079
extrapleural	0.68018
select	3.23801
hemiparesis	0.74329
two	3.23801
yilmaz	3.23801
6	3.23801
injury	0.727073333333
minor	0.74329
more	3.23801
volatiles	3.23801
site	1.07933666667
tested	3.23801
immunoreactive	3.23801
known	3.23801
producing	3.23801
none	3.23801
toxins	3.23801
recall	2.064225
remain	3.23801
depleting	3.23801
strategies	3.23801
male	2.48093
tunicamycin	3.23801
history	3.23801
osteosarcoma	3.23801
suggestions	3.23801
scar	3.23801
information	3.23801
liver	0.709102
breaking	3.23801
occasionally	3.23801
hexanal	3.23801
bifidobacterium	3.23801
tried	3.23801
thickened	0.74329
derived	3.23801
reflect	3.23801
consequence	3.23801
blood	1.51363714286
plana	3.23801
evaluations	3.23801
response	2.4285075
a	3.18833364865
short	3.23801
causation	3.23801
exhibited	3.23801
sonograms	3.23801
playing	1.47149
infant	3.23801
sphingomyelin	3.23801
developed	2.590408
oblique	3.23801
mucosa	3.23801
held	3.23801
paper	3.23801
through	2.79638
existence	3.23801
its	2.98565
24	3.23801
25	3.23801
27	3.23801
20	3.23801
21	3.23801
22	3.23801
susceptible	3.23801
lateral	2.57236333333
nonviable	3.23801
neuropsychological	1.47149
symptoms	3.23801
absence	3.23801
microscopic	3.23801
disclosed	3.23801
pca	3.23801
might	3.23801
finer	3.23801
good	3.23801
food	3.23801
primary	2.95027888889
framework	3.23801
walls	3.23801
sphincter	3.23801
mansoni	2.15867333333
foot	3.23801
retroperitoneal	3.23801
association	3.23801
level	1.47149
obstetric	3.23801
radial	3.23801
found	3.23801
referred	3.23801
reactions	1.47149
eqtii	3.23801
generation	1.47149
reduce	3.23801
investigated	3.23801
chorioangiomas	1.09061
measurement	3.23801
penicillin	3.23801
alcohol	3.23801
since	3.23801
health	3.23801
inactivated	2.64917
7	3.23801
dysfunction	0.506886666667
evaluation	3.23801
occurs	3.23801
pneumothorax	0.74329
extraordinary	3.23801
pitfalls	3.23801
imaging	3.23801
generate	3.23801
schistosomiasis	2.590408
diffused	3.23801
benefits	3.23801
running	3.23801
brainstem	2.23273
american	3.23801
yersinia	3.23801
hodgkin	3.23801
major	3.23801
explainable	3.23801
probability	3.23801
radical	3.23801
thereafter	3.23801
number	3.23801
enlarged	3.23801
hardening	3.23801
defects	3.23801
tlr4	3.00672357143
hemihyperhidrosis	0.74329
unexplained	3.23801
temperature	1.47149
leading	3.23801
plexus	3.23801
majority	3.23801
hundred	3.23801
recovered	3.23801
para	1.47149
needle	3.23801
immediate	1.47149
part	3.23801
cartridges	3.23801
authors	3.23801
b	2.64917
double	3.23801
recording	3.23801
risks	3.23801
treated	3.23801
livers	3.23801
trimoxazole	3.23801
defect	0.35093
precipitating	3.23801
sentences	1.47149
concentration	3.23801
fetalis	0.76033
relationship	3.23801
onset	1.47149
also	3.23801
recognizing	3.23801
internal	3.23801
generalized	1.28105
finding	3.23801
donor	3.23801
stenosis	0.64422
toxoids	1.47149
abruption	0.79636
province	3.23801
play	3.23801
caliber	3.23801
electric	1.47149
most	3.23801
71	3.23801
alpha	2.64917
measured	3.23801
prostatic	3.23801
traditional	3.23801
phytohemagglutinin	3.23801
pars	3.23801
chorioamnionitis	0.79636
thomas	3.23801
islets	3.23801
cauda	3.23801
session	3.23801
malignant	0.64843
velvety	0.74329
murate	3.23801
fine	3.23801
venosus	1.22745
access	3.23801
giant	1.22745
parameters	1.47149
heavily	3.23801
hypoattenuation	1.47149
factor	3.23801
8	1.619005
hip	2.4285075
intractable	3.23801
biopsy	3.23801
haemostatic	1.187026
capsule	2.4285075
breast	1.01065
during	2.94359
campylobacter	3.23801
inducible	3.23801
distraction	3.23801
progressive	2.50437666667
sources	3.23801
tumors	0.662593333333
acellular	1.47149
common	3.23801
activity	2.82235823529
scanning	3.23801
set	3.23801
art	3.23801
aspect	3.23801
achieved	1.619005
pcdna3	3.23801
potent	3.23801
antiproliferative	3.23801
schizophrenic	3.23801
are	3.16354481481
close	3.23801
polymorphic	3.23801
matter	0.76033
macroscopic	1.47149
various	3.23801
vascular	2.56782333333
conditions	3.23801
available	3.23801
recently	3.23801
responses	1.47149
targeted	3.23801
rapid	3.23801
rarer	3.23801
both	2.79638
c	2.66356428571
last	3.23801
sensitive	2.04097428571
connection	3.23801
whole	1.91312
pda	0.67079
cakes	1.619005
point	3.23801
reasons	3.23801
factitious	1.47149
furfural	3.23801
hyperfiltration	0.89044
adaptation	3.23801
fibres	3.23801
throughout	3.23801
[	1.22745
described	1.942806
create	3.23801
due	2.35475
strategy	3.23801
whom	3.23801
reduction	3.23801
dropping	0.89044
secific	3.23801
collected	3.23801
treatment	2.64917
resting	3.23801
bulgaricus	3.23801
recalled	1.47149
representative	3.23801
postglomerular	1.47149
plasmas	3.23801
extracted	3.23801
p1	1.47149
straight	1.01065
tip	1.47149
evaluated	3.23801
precursor	3.23801
while	3.23801
replaced	3.23801
ciliary	3.23801
binding	3.23801
occlusive	3.23801
rim	2.35475
urethra	3.23801
twofold	3.23801
cancers	1.22745
clinically	3.23801
elevated	1.399985
shorter	3.23801
benign	1.22745
deletion	3.23801
9	3.23801
products	3.23801
higher	3.23801
development	3.23801
used	3.23801
temporary	3.23801
painless	1.01065
usually	3.23801
000	3.23801
purpose	3.23801
immunofluorescence	3.23801
focal	1.23443666667
recent	3.23801
lower	1.79343
isotype	2.35475
transcatheter	3.23801
analysis	3.23801
entry	3.23801
ultrasound	3.23801
prevention	3.23801
breastfeeding	3.23801
intrarenal	3.23801
abilities	1.619005
aroma	3.23801
atomic	3.23801
questions	2.79638
hemolytic	0.70186
alternative	3.23801
constrictor	3.23801
injuries	1.193045
globin	3.23801
superficial	3.23801
illusions	0.89044
conclusions	3.23801
lysenin	3.23801
exclusively	3.23801
signals	3.23801
location	1.47149
relevance	3.23801
associations	3.23801
australia	3.23801
emergency	3.23801
evaluate	3.23801
interestingly	3.23801
consensus	3.23801
individuals	3.23801
yields	3.23801
eeg	2.59563909091
disorder	2.23273
essential	3.23801
valleys	2.15867333333
methods	3.23801
some	3.23801
electroencephalogram	3.23801
towards	3.23801
echocardiographical	3.23801
pronounced	3.23801
gradually	3.23801
glycosylation	3.23801
pet	3.23801
decision	3.23801
measurements	1.07933666667
venereum	3.23801
per	3.23801
retro	3.23801
scalp	3.23801
be	3.23801
patient	2.80627533333
300	3.23801
processing	2.835898
step	3.23801
bp	3.23801
cefaclor	3.23801
relating	3.23801
by	3.15257275862
vaccine	1.47149
graft	3.23801
glaucoma	1.116365
""""	3.035634375
graduation	1.619005
leukaemia	1.619005
unintentional	3.23801
range	3.23801
therapeutic	3.23801
silence	1.47149
anterior	3.23801
repair	3.23801
significant	3.23801
abusive	2.52221
within	3.23801
parton	3.23801
contributor	3.23801
subcellular	3.23801
eegs	3.23801
long	3.23801
tcac	3.23801
infected	3.23801
myoclonus	0.35093
albumin	2.06033
registered	3.23801
polio	1.47149
quiescent	3.23801
line	3.23801
intestines	3.23801
rejection	3.23801
skull	3.23801
rnas	3.23801
up	3.23801
rnai	3.23801
heterogeneous	3.23801
highlight	3.23801
similar	3.23801
storing	3.23801
associated	3.23801
lys	3.23801
lps	3.23801
tomography	1.619005
kidney	1.91336933333
hemodynamic	3.23801
amounts	1.47149
entity	3.23801
application	3.23801
branhamella	3.23801
department	3.23801
users	3.23801
developmental	1.56673333333
endocrine	1.34947
calcifications	3.23801
prepared	3.23801
glomerular	1.634025
generated	2.73537
allowing	3.23801
suppression	3.23801
fossa	2.35475
structure	3.23801
lymphoma	1.07933666667
correlated	3.23801
e	3.23801
valved	3.23801
age	3.23801
required	3.23801
syringomyelia	0.735745
presenting	3.23801
at	3.23801
requires	3.23801
having	3.23801
partial	3.23801
tetralogy	3.23801
illustrates	3.23801
results	3.23801
gg	3.23801
gc	3.23801
ga	1.47149
tumours	0.74329
rigidity	1.09061
hepatosplenic	3.23801
monomer	3.23801
haemophillus	1.47149
stably	3.23801
young	3.23801
radiological	3.23801
stable	3.23801
include	3.23801
random	3.23801
assay	3.23801
iliac	1.22745
periorbital	3.23801
wave	1.47149
inhibiting	3.23801
electron	3.23801
matsuda	3.23801
promise	3.23801
artery	1.5285125
continued	3.23801
targeting	3.23801
shock	1.47149
fewer	1.47149
noted	3.23801
hullin	3.23801
smaller	3.23801
bleeding	2.35475
antigen	1.68299
sensation	0.769435
fold	3.23801
acid	1.47149
depression	1.09061
plays	3.23801
apparatus	3.23801
methylpyrazine	3.23801
hereditary	3.23801
cell	3.04652809524
evoked	2.06033
indian	3.23801
volatile	3.23801
sixth	3.23801
;	3.23801
exercise	1.619005
rhamnosus	3.23801
body	0.89044
proliferation	3.23801
led	3.23801
degree	3.23801
respectively	2.15867333333
sutures	3.23801
catheterization	3.23801
preeclampsia	0.79636
38	2.15867333333
respiration	1.47149
cts	1.619005
32	3.23801
30	3.23801
suggests	3.23801
preferentially	3.23801
resulting	3.23801
gene	2.15867333333
untranslated	3.23801
outcomes	3.23801
anomalies	0.247763333333
clockwise	1.47149
apd	1.22745
standing	2.45548666667
use	3.23801
from	3.23801
remains	3.23801
few	3.23801
doubt	3.23801
examination	3.23801
secretions	3.23801
on	3.13987
trait	1.75310333333
congestive	1.47149
infection	1.47149
methylbutanal	3.23801
transient	2.56782333333
normalized	3.23801
rabbit	3.23801
nonreactive	1.47149
baby	3.23801
resection	1.03711
practicing	3.23801
this	3.18280625
taguchi	3.23801
urethral	1.09061
crossed	3.23801
metastases	0.67079
control	3.23801
desorption	3.23801
hyperpigmented	0.68018
high	2.73329
pulling	3.23801
bones	3.23801
confirmed	3.23801
tumor	1.014825
syndrome	2.69834166667
scarring	1.47149
six	3.23801
occipital	3.23801
delay	3.23801
venous	3.23801
palates	1.619005
lesion	0.72029
abuse	0.545305
fatigue	0.76033
demonstrating	3.23801
marrow	1.47149
prostate	1.6526475
monoxide	3.23801
ambiguous	3.23801
volunteers	3.23801
produces	3.23801
phalanges	0.324215
sydenham	3.23801
including	3.23801
138	3.23801
operative	3.23801
superior	3.23801
longitudinal	2.64917
labor	0.79636
thrombocythemia	1.09061
permanent	3.23801
covered	3.23801
histological	3.23801
2010	3.23801
2012	3.23801
physicians	3.23801
greater	3.23801
frontal	1.28105
practice	3.23801
fallot	3.23801
cystostomy	3.23801
p17	3.23801
front	3.23801
rotation	1.47149
mmhg	3.23801
furnace	3.23801
profound	3.23801
university	3.23801
identified	2.15867333333
sufficiently	3.23801
bicuspid	1.03711
experienced	3.23801
homogeneous	3.23801
micrograms	3.23801
radiographic	3.23801
related	2.35475
frequency	2.35475
nondeletional	3.23801
measure	3.23801
82	3.23801
83	3.23801
85	3.23801
category	3.23801
'	3.23801
cerebral	1.32736
valve	1.77074333333
electronics	3.23801
cause	3.23801
red	3.23801
pathophysiological	3.23801
immunohistochemistry	3.23801
arthroscopy	1.619005
approaches	3.23801
usual	3.23801
regulatory	3.23801
interaction	3.23801
g	1.942806
could	3.23801
times	3.23801
length	3.23801
electroencephalographic	3.23801
derivations	3.23801
facilitate	3.23801
south	3.23801
arterial	0.896235
widely	3.23801
itching	0.64843
saci	3.23801
threadwire	3.23801
improving	3.23801
placental	1.0170475
calcaneum	3.23801
reached	3.23801
quality	3.23801
endemic	3.23801
promoter	2.15867333333
management	3.23801
publication	3.23801
data	3.23801
sep	2.15867333333
system	3.23801
relations	3.23801
their	3.23801
basilar	1.03711
ankle	2.81014
final	3.23801
circulate	3.23801
staphylococci	3.23801
academy	3.23801
completed	3.23801
environmental	3.23801
manipulation	3.23801
lobe	0.67079
congenital	3.23801
observed	3.23801
ureteral	3.23801
isolation	3.23801
aspiration	3.23801
hemiplegia	3.23801
patients	2.59200638889
amplitude	1.47149
pertussis	0.79636
descriptions	3.23801
postanoxic	0.70186
methicillin	3.23801
delineated	3.23801
have	3.23801
need	3.23801
demonstration	3.23801
clearly	3.23801
angle	3.23801
57	3.23801
femoral	3.23801
caval	2.35475
screen	3.23801
able	3.23801
septal	0.70186
alterna	3.23801
which	3.23801
intraclass	3.23801
persistence	3.23801
firefly	3.23801
who	3.23801
connected	1.47149
cloned	3.23801
intrinsic	1.47149
dorsal	3.23801
volume	2.35475
reapproximation	3.23801
placement	3.23801
inappropriate	3.23801
hydrocephalus	1.47149
disease	2.87823111111
face	3.23801
isotypes	2.35475
mechanical	3.23801
selection	3.23801
deviation	3.23801
answered	1.47149
supported	3.23801
rotating	3.23801
fear	3.23801
principal	3.23801
antiserum	3.23801
based	3.23801
knowledge	3.23801
mucinosis	1.22745
noteworthy	3.23801
subperiosteal	1.73009
controls	2.15867333333
should	3.23801
terminal	3.23801
unheated	3.23801
inferior	2.06033
peptide	3.23801
hindiii	3.23801
epidermoid	3.23801
likert	3.23801
biosynthetic	3.23801
joint	2.15867333333
datasets	3.23801
words	1.47149
sinus	1.22745
areas	1.33278
processes	3.23801
course	3.23801
nosography	3.23801
thalamic	3.23801
qi	1.47149
levoatrial	1.04189666667
computed	3.23801
national	3.23801
correlations	3.23801
we	3.23801
freeze	3.23801
p24	3.23801
p27	1.619005
p21	3.23801
enhanced	1.47149
electrode	3.23801
creating	3.23801
pattern	1.5452475
distractor	3.23801
state	2.4285075
identification	2.15867333333
correctly	1.47149
membrane	2.61506235294
antituberculous	3.23801
kidneys	1.619005
comparable	3.23801
importance	3.23801
streptococci	3.23801
renovascular	0.70186
neonatal	3.23801
efficiency	3.23801
preglomerular	1.47149
key	3.23801
problem	3.23801
drug	3.23801
subthalamic	3.23801
strains	3.23801
transplantation	3.23801
estimation	3.23801
inflammatory	1.09061
co	3.23801
cm	3.23801
colonisation	0.76033
doxycycline	3.23801
vena	2.06033
pulmonary	1.24644666667
ct	3.23801
asphyxia	1.47149
addition	3.23801
validating	3.23801
genetic	1.03711
outflow	1.47149
treat	3.23801
enlarging	0.67079
anomaly	3.23801
define	3.23801
describe	3.23801
controlled	3.23801
dimethylpyrazine	2.15867333333
sufficient	3.23801
clusters	3.23801
granulomatous	1.47149
gross	1.01065
general	3.23801
present	3.23801
novel	3.23801
appearance	3.23801
as	3.23801
value	3.23801
plicata	3.23801
will	3.23801
extracts	3.23801
periods	3.23801
mutant	3.23801
molecular	3.23801
thus	3.23801
surprisingly	3.23801
surface	1.619005
monospecific	3.23801
recipients	3.23801
cross	3.23801
parts	3.23801
infarction	0.539603333333
difficult	3.23801
intravascular	1.01065
anterolateral	3.23801
frequently	3.23801
judgment	3.23801
diabetes	3.23801
polymorphism	3.23801
off	0.89044
p11	3.23801
i	3.23801
well	3.23801
patterns	3.23801
tenax	3.23801
diphtheria	1.47149
comparisons	3.23801
fetal	1.69740833333
orthopaedic	2.80853
increasingly	3.23801
not	3.10212384615
sarcoidosis	0.613725
purified	3.23801
ampicillin	3.23801
conjugates	3.23801
density	0.76033
absorption	3.23801
sky	0.89044
ectopic	3.23801
golgi	3.23801
arrest	1.31329
c18	3.23801
nephrectomy	1.07933666667
stakeholders	3.23801
resolved	3.23801
tests	3.23801
cuneiform	3.23801
increased	1.47149
five	3.23801
facial	2.37175333333
loss	1.47149
necessary	3.23801
like	2.52221
admitted	3.23801
become	3.23801
lymphogranuloma	3.23801
replacement	3.23801
polyhydramnios	0.79636
because	3.23801
sequence	3.23801
phenomena	2.23273
library	3.23801
growth	2.79638
sphingolipid	3.23801
choosing	3.23801
recommendation	3.23801
supportive	3.23801
recognition	3.23801
lead	2.22857
broad	1.47149
bursts	1.47149
mutation	3.23801
octen	3.23801
demonstrated	2.87823111111
noise	3.23801
lipid	3.23801
analysed	1.619005
paediatric	3.23801
pressure	2.06033
although	3.23801
fluorescent	3.23801
p31	1.619005
stage	0.74329
gained	3.23801
about	3.23801
rare	1.619005
carried	3.23801
hydrops	0.778345
myeloid	3.23801
previously	3.23801
homogenates	3.23801
assess	3.23801
chronic	2.58084714286
lung	2.90291666667
female	2.531402
additional	3.23801
adolescent	3.23801
1988	3.23801
polycythemia	2.064225
describes	3.23801
rcc	1.22745
function	2.178098
urothelial	1.22745
stomatitis	0.64843
north	3.23801
hr	3.23801
but	3.23801
intracranial	3.23801
repeated	3.23801
lowered	1.47149
insertions	3.23801
hf	2.575565
made	3.23801
acetyl	3.23801
whether	3.23801
cells	1.99262153846
variations	3.23801
ligamentous	3.23801
graphite	3.23801
infants	3.23801
demonstrate	3.23801
distribution	2.914209
spectrometry	3.23801
minutes	3.23801
recognize	3.23801
tissues	1.09061
slowing	3.23801
persistent	3.23801
disinhibition	3.23801
epithelial	3.23801
hematological	1.4848725
suprapubic	3.23801
compared	2.69834166667
variety	3.23801
42	3.23801
43	3.23801
40	3.23801
other	3.23801
out	3.23801
conclusion	3.23801
traumatic	1.09061
hageman	3.23801
enlargement	0.89044
pathways	3.23801
vein	0.848135714286
pseudokidney	0.79636
dysphasia	1.47149
lasted	3.23801
diagnosis	3.23801
rural	3.23801
silica	3.23801
ischaemic	1.47149
compromised	3.23801
