haematuria	3.19463
and	2.9993418636363605
abdominal	1.21232
aortic	2.120406363636364
aneurysm	1.0345000000000002
.	3.1716528266666484
left	1.6076700000000002
loin	1.07172
pain	1.7903166666666666
in	3.0103367213114787
a	3.166946756756763
patient	3.194630000000001
with	3.1547806000000005
associated	3.194630000000001
the	3.01960557291665
radiological	3.19463
finding	3.19463
of	3.0157381120943807
poorly	2.4195266666666666
or	2.85233142857143
non	2.5591699999999995
-	2.925051502145918
functioning	2.4195266666666666
kidney	2.095512666666667
are	3.1212111111111134
pathognomonic	3.19463
features	3.19463
aorto	3.19463
renal	2.042514166666667
vein	1.759502857142857
fistula	0.94618
,	3.100659617834381
condition	2.4869933333333334
which	3.1946299999999996
leaks	3.19463
into	3.19463
an	3.0469791666666683
anomalous	3.19463
retro	3.19463
acanthosis	0.71656
nigricans	0.71656
is	3.1946299999999983
thickened	0.71656
velvety	0.71656
hyperpigmented	0.67886
skin	1.3398899999999998
variety	3.19463
endocrine	1.31757
disorders	2.798168
malignancies	1.5924875000000003
medications	3.19463
mechanical	3.19463
stability	3.19463
internal	3.19463
fixation	3.19463
fractured	0.64135
phalanges	0.64135
rigidity	1.07172
five	3.19463
techniques	3.19463
tested	3.19463
experimentally	3.19463
compared	3.19463
clinical	3.194630000000001
relevance	3.19463
discussed	3.19463
cell	3.005838571428573
carcinoma	1.9268337500000001
concurrent	3.19463
urothelial	1.21232
urinary	1.5495375
bladder	1.375402
hodgkin	3.19463
lymphoma	2.5338600000000002
we	3.1946300000000005
report	3.19463
case	3.1946300000000005
71	3.19463
year	3.19463
old	3.19463
male	2.4352828571428575
multiple	3.19463
primary	2.9109322222222223
involving	3.19463
combined	2.0134233333333333
synchronous	0.65698
was	2.973153750000001
admitted	3.19463
to	3.0028034444444414
hospital	3.19463
because	3.19463
painless	0.9815
gross	0.9815
hematuria	3.19463
examination	3.19463
revealed	3.19463
tumor	0.9982150000000001
right	1.7934075
papillary	0.67886
enlarged	3.19463
lymph	3.19463
nodes	3.19463
along	1.42282
aorta	1.1018275
inferior	2.0134233333333333
vena	2.0134233333333333
cava	1.42282
transurethral	1.04052
resection	1.04052
(	3.039766060606059
tur	3.19463
)	3.039766060606059
radical	3.19463
nephrectomy	3.19463
retroperitoneal	3.19463
lymphadenectomy	3.19463
were	3.1491989743589768
performed	3.19463
pathohistologic	3.19463
evaluation	3.19463
together	3.19463
immunohistochemistry	3.19463
gave	3.19463
final	3.19463
diagnosis	3.19463
rcc	1.21232
b	2.6040266666666665
small	3.19463
cll	3.19463
scanning	3.19463
electron	3.19463
microscopy	3.19463
human	3.19463
zonule	3.19463
lens	3.19463
zonula	3.19463
ciliaris	3.19463
present	3.19463
study	3.19463
eight	3.19463
eyeballs	3.19463
specifically	3.19463
prepared	3.19463
for	3.19463
microscopic	3.19463
observation	3.19463
consisted	3.19463
two	3.19463
main	3.19463
layers	3.19463
radial	3.19463
fibres	3.19463
anterior	3.19463
posterior	3.033556363636364
one	3.1946300000000005
that	3.1946300000000023
inserted	3.19463
on	3.0961961111111123
capsules	3.19463
respectively	3.19463
some	3.19463
equator	3.19463
zonular	3.19463
originated	3.19463
at	3.194630000000001
pars	3.19463
plana	3.19463
entered	3.19463
dorsal	3.19463
part	3.19463
ciliary	3.19463
valleys	3.19463
then	3.19463
changed	3.19463
their	3.19463
direction	3.19463
towards	3.19463
face	3.19463
capsule	3.19463
by	3.110453103448278
branched	3.19463
endings	3.19463
1	3.1946300000000005
mm	3.19463
behind	3.19463
mainly	3.19463
occasionally	3.19463
after	3.076509333333334
running	3.19463
completely	3.19463
through	2.7516775
close	3.19463
contact	3.19463
lateral	2.5304733333333336
walls	3.19463
processes	3.19463
they	3.19463
plicata	3.19463
reached	3.19463
insertions	3.19463
achieved	3.19463
webbed	3.19463
diffused	3.19463
2	3.120804583333335
front	3.19463
extraordinary	3.19463
distension	3.19463
capacity	3.19463
demonstrated	3.19463
pulling	3.19463
hydrodissection	3.19463
as	3.194630000000002
consequence	3.19463
stretched	3.19463
up	3.19463
four	3.19463
times	3.19463
original	3.19463
length	3.19463
without	2.6561025000000003
breaking	3.19463
disinserting	3.19463
sonographic	1.42282
pseudokidney	0.77437
when	3.19463
interpreting	3.19463
sonograms	3.19463
should	3.19463
be	3.1946300000000014
aware	3.19463
possibility	3.19463
mistaking	3.19463
fat	1.42282
scarring	1.42282
fossa	2.308725
normal	3.017449
history	3.19463
prior	3.19463
doubt	3.19463
ultrasound	3.19463
findings	3.19463
confirmed	3.19463
ct	3.19463
scan	3.19463
color	2.0134233333333333
pattern	1.8657724999999998
reversal	1.42282
visual	2.0134233333333333
evoked	2.0134233333333333
potential	2.53020125
eyes	3.19463
ocular	2.6133025
hypertension	1.85737125
open	3.19463
angle	3.19463
glaucoma	2.203475
testing	3.19463
99	3.19463
27	3.19463
30	3.19463
use	3.19463
black	3.19463
white	2.38092
red	3.19463
blue	3.19463
checkerboard	3.19463
stimuli	3.19463
p1	1.42282
wave	1.42282
peak	1.42282
time	2.6040266666666665
amplitude	1.42282
significantly	3.19463
different	3.19463
from	3.194630000000002
those	3.19463
age	3.19463
similar	3.19463
especially	3.19463
checkerboards	3.19463
p	3.19463
less	3.19463
than	2.8993283333333335
0	3.19463
001	3.19463
differences	3.19463
between	3.1946299999999996
hypertensive	0.86932
glaucomatous	0.86932
significance	3.19463
difference	1.42282
may	3.19463
serve	3.19463
important	3.19463
parameter	3.19463
early	3.19463
comparison	3.19463
secretory	2.308725
iga	2.308725
igg	2.308725
isotype	2.308725
levels	2.308725
palatal	3.19463
secretions	3.19463
denture	1.8010344444444446
stomatitis	0.64135
patients	2.94854527777778
wearers	3.19463
having	3.19463
clinically	3.19463
healthy	3.19463
palates	3.19463
inflammatory	1.07172
affecting	3.19463
mucosa	3.19463
covered	3.19463
aetiology	3.19463
multifactorial	3.19463
poor	1.974065
hygiene	2.5843475
constant	1.42282
wearing	2.308725
trauma	0.9126733333333332
colonisation	0.7535
candida	0.7535
species	1.974065
inflamed	1.07172
tissues	1.07172
raised	1.42282
albumin	2.0134233333333333
isotypes	2.308725
siga	2.308725
would	3.19463
expected	3.19463
major	3.19463
component	3.19463
protective	3.19463
immunological	3.19463
response	3.19463
mucosal	3.19463
injection	3.19463
21	3.19463
22	3.19463
analysed	3.19463
found	3.19463
higher	3.19463
palate	3.19463
unexpectedly	3.19463
<	3.19463
05	3.19463
lower	1.7581433333333332
percutaneous	3.19463
support	3.19463
failing	1.07172
heart	1.799822857142857
ventricular	0.9358400000000001
rv	0.900338
failure	0.8398125
increasingly	3.19463
common	3.19463
problem	3.19463
require	3.19463
contrast	2.6040266666666665
severe	3.19463
typically	3.19463
more	3.19463
reversible	2.117575
therefore	3.19463
application	3.19463
shorter	3.19463
term	3.19463
devices	3.19463
potentially	3.19463
attractive	3.19463
current	3.19463
innovations	3.19463
promise	3.19463
greater	3.19463
availability	3.19463
such	3.19463
this	3.1392609375000022
article	3.19463
considers	3.19463
available	3.19463
approaches	3.19463
provide	3.19463
hemodynamic	3.19463
treat	3.19463
profound	3.19463
scenarios	3.19463
most	3.19463
beneficial	3.19463
tetralogy	3.19463
fallot	3.19463
levoatrial	1.0272066666666666
cardinal	1.0272066666666666
rare	3.19463
congenital	3.19463
anomaly	3.19463
systemic	1.9488075
veins	2.308725
it	3.19463
frequently	3.19463
side	1.69527
obstructive	0.94559
anomalies	0.8692466666666667
innominate	1.42282
absent	2.6040266666666665
upper	1.42282
pulmonary	1.20667
connected	1.42282
there	3.19463
no	2.840268
root	3.19463
replacement	3.19463
cardiac	2.0820675
dextroversion	1.007695
adult	3.19463
surgery	3.19463
malrotation	0.86932
60	3.19463
lady	3.19463
known	3.19463
presented	3.19463
dyspnoea	1.42282
pre	3.19463
syncopal	3.19463
attacks	3.19463
echocardiographical	3.19463
investigation	3.19463
clockwise	1.42282
rotation	1.42282
its	2.9415142857142853
longitudinal	2.6040266666666665
axis	1.42282
resulted	3.19463
outflow	1.42282
tract	2.308725
artery	1.5006374999999998
being	2.6040266666666665
wrapped	1.42282
anteriorly	1.42282
around	2.308725
displacement	1.42282
atrium	1.42282
presence	3.19463
heavily	3.19463
calcified	0.7535
bicuspid	1.04052
valve	1.7585566666666665
dilated	1.43445
ascending	0.780835
also	3.19463
venous	3.19463
cannulation	3.19463
established	3.19463
rotating	3.19463
anticlockwise	3.19463
access	3.19463
gained	3.19463
superior	3.19463
oblique	3.19463
aortotomy	3.19463
replaced	3.19463
valved	3.19463
conduit	3.19463
authors	3.19463
'	3.1946300000000005
knowledge	3.19463
first	3.19463
iatrogenic	3.19463
cyanosis	1.7496833333333335
clubbing	0.67886
:	3.1946300000000005
25	3.19463
years	3.19463
chronic	2.546688571428571
hypoxia	1.42282
repair	3.19463
atrial	0.69235
septal	0.69235
defect	0.69235
sinus	1.21232
venosus	1.21232
caval	2.308725
type	2.7516775
unintentional	3.19463
diversion	1.42282
blood	1.9290514285714284
reported	3.19463
long	3.19463
standing	2.4195266666666666
anatomical	2.308725
shunting	1.04052
cerebrovascular	3.19463
complications	3.19463
risks	3.19463
depend	3.19463
absence	3.19463
hematological	1.4591225
abnormalities	1.0063
degree	3.19463
magnetic	3.19463
resonance	3.19463
imaging	3.19463
clarified	3.19463
etiology	3.19463
unexplained	3.19463
delineated	3.19463
surgical	3.19463
anatomy	3.19463
radioimmunoassay	3.19463
immunoreactive	3.19463
c	2.6282557142857144
terminal	3.19463
big	3.19463
endothelin	3.1946300000000005
38	3.19463
potent	3.19463
endogenous	3.19463
vaso	3.19463
constrictor	3.19463
derived	3.19463
biosynthetic	3.19463
precursor	3.19463
proteolytic	3.19463
degradation	3.19463
last	3.19463
step	3.19463
cleaves	3.19463
fragment	3.19463
have	3.19463
developed	3.19463
peptide	3.19463
based	3.19463
antiserum	3.19463
recognizing	3.19463
sequence	3.19463
cross	3.19463
reacting	3.19463
intact	3.19463
test	3.19463
plasma	2.6040266666666665
samples	3.19463
extracted	3.19463
passage	3.19463
c18	3.19463
silica	3.19463
cartridges	3.19463
desorption	3.19463
methanol	3.19463
/	3.194630000000002
water	3.19463
volume	2.308725
fraction	3.19463
8	3.19463
yields	3.19463
purification	3.19463
concentration	3.19463
procedure	3.19463
about	3.19463
70	3.19463
%	3.19463
15	3.19463
persons	3.19463
concentrations	3.19463
11	3.19463
pmol	3.19463
l	3.19463
10	3.19463
fold	3.19463
reference	3.19463
thus	3.19463
peptides	3.19463
containing	2.7516775
but	3.19463
do	3.19463
circulate	3.19463
if	3.19463
sufficiently	3.19463
tight	3.19463
correlation	3.19463
circulating	3.19463
can	3.19463
proven	3.19463
facilitate	3.19463
studies	3.19463
physiological	2.6040266666666665
role	3.19463
visualization	3.19463
heterogeneous	3.19463
membrane	2.9536229411764716
distribution	3.19463
sphingomyelin	3.19463
cytokinesis	3.19463
polarity	3.19463
sphingolipidosis	1.21232
sm	3.194630000000001
sphingolipid	3.19463
mammalian	3.19463
cells	3.058336923076923
form	3.19463
specific	2.2503527272727273
lipid	3.19463
domains	3.19463
cholesterol	3.19463
however	3.19463
methods	3.19463
examine	3.19463
limited	3.19463
model	3.19463
membranes	3.19463
fluorescent	3.19463
protein	3.19463
conjugates	3.19463
binding	3.19463
toxins	3.19463
lysenin	3.19463
lys	3.19463
equinatoxin	3.19463
ii	3.19463
eqtii	3.19463
recognize	3.19463
distributions	3.19463
;	3.19463
exclusively	3.19463
binds	3.19463
clustered	3.19463
whereas	3.19463
preferentially	3.19463
dispersed	3.19463
freeze	3.19463
fracture	3.19463
immunoelectron	3.19463
showed	3.19463
not	3.058336923076923
formed	3.19463
surface	3.19463
glycolipids	3.19463
affect	3.19463
using	3.19463
derivatives	3.19463
sensitive	2.0128814285714287
probes	3.19463
exclusive	3.19463
accumulation	3.19463
clusters	3.19463
midbody	3.19463
interestingly	3.19463
apical	3.19463
differentiated	3.19463
epithelial	3.19463
exhibited	3.19463
basolateral	3.19463
acid	1.42282
sphingomyelinase	1.42282
deficient	2.308725
niemann	3.19463
pick	3.19463
these	3.19463
data	3.19463
suggest	3.19463
both	2.7516775
content	3.19463
crucial	3.19463
pathophysiological	3.19463
events	3.19463
bringing	3.19463
therapeutic	3.19463
perspective	3.19463
makino	3.19463
abe	3.19463
m	3.19463
murate	3.19463
inaba	3.19463
t	3.19463
yilmaz	3.19463
n	3.19463
hullin	3.19463
matsuda	3.19463
f	3.19463
kishimoto	3.19463
schieber	3.19463
taguchi	3.19463
arai	3.19463
h	3.19463
anderluh	3.19463
g	3.19463
parton	3.19463
r	3.19463
kobayashi	3.19463
improvement	3.19463
eeg	2.5503354545454546
signal	3.19463
acquisition	3.19463
electrical	2.308725
aspect	3.19463
state	3.19463
art	3.19463
end	3.19463
aim	3.19463
practical	3.19463
considerations	3.19463
acquiring	3.19463
satisfactory	3.19463
signals	3.19463
electroencephalographic	3.19463
users	3.19463
system	3.19463
designers	3.19463
choosing	3.19463
correct	3.19463
electrode	3.19463
design	3.19463
strategy	3.19463
initial	3.19463
electronic	3.19463
circuitry	3.19463
plays	3.19463
improving	3.19463
s	3.19463
measurement	3.19463
performance	3.19463
considering	3.19463
pitfalls	3.19463
biopotential	3.19463
recording	3.19463
session	3.19463
conditions	3.19463
creates	3.19463
better	3.19463
accuracy	3.19463
electroencephalogram	3.19463
electrodes	3.19463
electronics	3.19463
including	3.19463
filtering	3.19463
amplifying	3.19463
conversion	3.19463
storing	3.19463
environmental	3.19463
paper	3.19463
principles	3.19463
points	3.19463
noise	3.19463
reduction	3.19463
suggestions	3.19463
comparative	3.19463
vitro	3.19463
activity	2.777733529411766
new	3.19463
oral	3.19463
cephalosporin	3.19463
bmy	3.19463
28100	3.19463
broth	3.19463
microdilution	3.19463
method	3.19463
against	3.19463
365	3.19463
strains	3.19463
commonly	3.19463
isolated	1.8730900000000001
bacteria	3.19463
determined	3.19463
good	3.19463
streptococci	3.19463
methicillin	3.19463
susceptible	3.19463
staphylococci	3.19463
salmonella	3.19463
spp	3.19463
shigella	3.19463
beta	3.19463
lactamase	3.19463
producing	3.19463
branhamella	3.19463
catarrhalis	3.19463
haemophilus	3.19463
influenzae	2.308725
organisms	3.19463
comparable	3.19463
penicillin	3.19463
ampicillin	3.19463
co	3.19463
trimoxazole	3.19463
erythromycin	3.19463
cefaclor	3.19463
doxycycline	3.19463
amoxicillin	3.19463
potassium	3.19463
clavulanate	3.19463
had	3.19463
moderate	3.19463
arizona	3.19463
hinshawii	3.19463
campylobacter	3.19463
jejuni	3.19463
yersinia	3.19463
enterocolitica	3.19463
reimplantation	3.19463
ectopic	3.19463
ureter	2.45692
duplex	2.0880650000000003
separate	3.19463
unit	3.19463
provided	3.19463
alternative	3.19463
ureters	0.9815
whom	3.19463
ureteroureterostomy	3.19463
double	3.19463
might	3.19463
compromised	3.19463
smaller	3.19463
caliber	3.19463
folliculitis	0.96444
follicular	1.2824866666666666
mucinosis	1.21232
papular	1.21232
presentation	3.19463
myelomonocytic	3.19463
leukemia	3.19463
leukemias	3.19463
lymphomas	3.19463
indolent	3.19463
surprisingly	3.19463
unusual	3.19463
manners	3.19463
although	3.19463
uncommon	3.19463
lesions	1.098595
eosinophilic	0.71656
been	3.1946300000000005
association	3.19463
novel	3.19463
associations	3.19463
acute	2.327422
straight	0.9815
instability	0.9815
knee	2.6413475
ligamentous	3.19463
injuries	1.2820816666666668
joint	3.19463
represent	3.19463
orthopaedic	2.770048
damage	1.2472699999999999
supporting	1.42282
structures	1.42282
relatively	3.19463
occurrence	3.19463
osteosarcoma	3.19463
medial	3.19463
cuniform	3.19463
bone	2.5338600000000002
malignancy	1.09691
childhood	3.19463
adolescent	3.19463
related	2.308725
marrow	1.42282
usually	3.19463
occurs	3.19463
bones	3.19463
foot	3.19463
very	3.19463
here	3.19463
i	3.19463
tried	3.19463
cuneiform	3.19463
responding	3.19463
evidence	3.19463
breastfeed	3.19463
baby	3.19463
you	3.19463
sixth	3.19463
public	3.19463
health	3.19463
recommendation	3.19463
reduce	3.19463
risk	3.19463
sudden	3.19463
unexpected	3.19463
death	2.682024
infancy	3.19463
abundant	3.19463
recognises	3.19463
breastfeeding	3.19463
significant	3.19463
short	3.19463
benefits	3.19463
infant	3.19463
mother	3.19463
until	3.19463
recently	3.19463
independent	3.19463
factor	3.19463
reducing	3.19463
remained	3.19463
unclear	3.19463
october	3.19463
2010	3.19463
sids	3.19463
kids	3.19463
australia	3.19463
held	3.19463
consensus	3.19463
forum	3.19463
international	3.19463
researchers	3.19463
key	3.19463
stakeholders	3.19463
review	3.19463
relating	3.19463
safe	3.19463
sleeping	3.19463
recommendations	3.19463
following	2.6883985714285714
publication	3.19463
reviews	3.19463
national	3.19463
scientific	3.19463
advisory	3.19463
group	3.19463
has	3.19463
supported	3.19463
decision	3.19463
critical	3.19463
threshold	2.485906
within	3.19463
supportive	3.19463
measure	3.19463
will	3.19463
included	3.19463
2012	3.19463
campaign	3.19463
abusive	2.4869933333333334
head	0.840935
infants	3.19463
young	3.19463
children	3.19463
unique	3.19463
contributor	3.19463
developmental	1.5468266666666668
disabilities	0.722925
leading	3.19463
cause	3.19463
disability	0.8065500000000001
child	1.07172
abuse	1.07172
discusses	3.19463
epidemiology	3.19463
aspects	3.19463
outcomes	3.19463
prevention	3.19463
neglect	1.07172
osteotomy	3.19463
sacrum	3.19463
malignant	0.64135
iliac	1.21232
modified	3.19463
threadwire	3.19463
saw	3.19463
tumors	1.05938
conducted	3.19463
issignificantly	3.19463
wide	3.19463
rapid	3.19463
septic	3.19463
arthritis	3.19463
hip	2.6639025
delay	3.19463
treatment	2.6040266666666665
lead	2.1821671428571427
permanent	3.19463
difficult	3.19463
management	3.19463
reviewed	3.19463
epidemiological	3.19463
median	1.7903166666666668
nerve	2.061553333333334
dysfunction	0.7535
practicing	3.19463
dental	3.19463
hygienists	3.19463
purpose	3.19463
assess	3.19463
over	3.19463
changes	2.273641666666667
function	2.131544
20	3.19463
students	3.19463
who	3.19463
university	3.19463
minnesota	3.19463
program	3.19463
1986	3.19463
follow	3.19463
16	3.19463
evaluated	3.19463
postgraduation	3.19463
1990	3.19463
comparisons	3.19463
made	3.19463
evaluations	3.19463
subjects	3.19463
completed	3.19463
graduation	3.19463
1988	3.19463
1989	3.19463
digital	3.19463
vibrometry	3.19463
used	3.19463
evaluate	3.19463
sensibility	1.42282
each	3.19463
periods	3.19463
studied	3.19463
analysis	3.19463
practice	3.19463
mean	2.6040266666666665
shift	2.0134233333333333
04	3.19463
42	3.19463
measured	3.19463
results	3.19463
indicated	3.19463
observed	3.19463
earlier	3.19463
arrested	3.19463
reasons	3.19463
appeared	3.19463
twofold	3.19463
period	3.19463
work	3.19463
hardening	3.19463
concept	3.19463
neuromuscular	3.19463
tissue	1.5016966666666667
hypertrophy	0.7535
adaptation	3.19463
rigors	3.19463
hygienist	3.19463
learned	3.19463
become	3.19463
efficient	3.19463
provision	3.19463
procedures	3.19463
symptoms	3.19463
none	3.19463
diagnosed	3.19463
cts	3.19463
any	3.19463
during	2.899328333333333
since	3.19463
continued	3.19463
necessary	3.19463
determine	3.19463
whether	3.19463
observations	3.19463
noted	3.19463
second	3.19463
temporary	3.19463
slowing	3.19463
development	3.19463
split	2.6040266666666665
intrarenal	3.19463
hemodynamics	3.19463
renovascular	0.69235
stenotic	1.1539516666666667
contralateral	2.262718
kidneys	2.308725
unilateral	1.21232
rvh	0.69235
estimated	3.19463
gomez	3.19463
formulae	3.19463
ten	3.19463
para	1.42282
amino	1.42282
hippurate	1.42282
inulin	1.42282
clearances	1.42282
ureteral	3.19463
catheterization	3.19463
indexes	3.19463
flow	1.8657725
glomerular	1.5941283333333331
filtration	1.42282
rates	1.42282
allowing	3.19463
estimation	3.19463
preglomerular	1.42282
arteriolar	1.03375
resistance	1.03375
postglomerular	1.42282
hydrostatic	1.42282
pressure	2.0134233333333333
83	3.19463
+	3.19463
12	3.19463
19	3.19463
ml	3.19463
min	2.308725
m2	3.19463
170	3.19463
43	3.19463
4	3.19463
elevated	2.17035
due	2.308725
lesion	0.702985
900	3.19463
500	3.19463
dyns	3.19463
sec	3.19463
cm	3.19463
5	3.19463
while	3.19463
elevation	3.19463
300	3.19463
000	3.19463
high	2.6883985714285714
lowered	1.42282
54	3.19463
mmhg	3.19463
3	3.19463
protected	3.19463
138	3.19463
6	3.19463
stenosis	0.6316
increase	1.42282
sufficient	3.19463
making	3.19463
hyperfiltration	0.86932
paget	3.19463
disease	3.19463
complicated	3.19463
hydrocephalus	1.42282
syringomyelia	1.42282
skull	3.19463
basilar	1.04052
impression	1.04052
briefly	3.19463
strategies	3.19463
outlined	3.19463
hemiplegia	3.19463
vegetativa	3.19463
alterna	3.19463
ipsilateral	3.19463
horner	3.19463
syndrome	3.19463
hemihyperhidrosis	0.71656
proximal	3.19463
cerebral	1.3045616666666666
occlusion	1.6732833333333332
background	3.19463
pca	3.19463
occlusive	3.19463
produces	3.19463
homonymous	3.19463
field	3.19463
defects	3.19463
hemisensory	1.42282
loss	1.42282
neuropsychological	1.42282
deficits	1.42282
conversely	3.19463
combination	3.19463
hemiparesis	0.71656
never	3.19463
before	3.19463
description	3.19463
infarction	0.846275
superficial	3.19463
deep	3.19463
territories	3.19463
picture	3.19463
disclosed	3.19463
infarcts	0.71656
anterolateral	3.19463
midbrain	3.19463
ventroposterolateral	3.19463
thalamic	3.19463
subthalamic	3.19463
area	2.296068571428571
temporo	3.19463
occipital	3.19463
lobes	1.974065
conclusions	3.19463
alternating	3.19463
vegetative	3.19463
supports	3.19463
hypothesis	3.19463
existence	3.19463
uncrossed	3.19463
excitatory	3.19463
crossed	3.19463
inhibitory	3.19463
hypothalamospinal	3.19463
sympathetic	2.308725
pathway	3.19463
erythema	0.71656
multiforme	0.71656
minor	0.71656
vaccination	3.19463
paediatric	3.19463
vaccines	2.308725
cases	3.19463
tetanus	1.42282
diphtheria	1.42282
revaccination	1.42282
acellular	1.42282
pertussis	0.77437
inactivated	2.6040266666666665
polio	1.42282
haemophillus	1.42282
vaccine	1.42282
suggesting	3.19463
toxoids	1.42282
precipitating	3.19463
subperiosteal	1.7078975
osteoid	1.21232
osteoma	1.21232
distal	2.6040266666666665
phalanx	2.308725
thumb	2.308725
osteomas	1.21232
subgrouped	3.19463
cancellous	3.19463
cortical	3.19463
hand	3.19463
location	1.42282
described	3.19463
illustrates	3.19463
radiographic	3.19463
relief	3.19463
factitious	1.42282
coarctation	1.42282
large	1.936644
patent	0.649165
ductus	0.649165
arteriosus	0.649165
gianturco	3.19463
grifka	3.19463
vascular	2.5338600000000002
occluder	3.19463
pda	0.65698
hypoplastic	1.42282
isthmus	1.955595
presenting	3.19463
ductal	1.42282
transcatheter	3.19463
gradient	1.42282
resolved	3.19463
thereby	3.19463
eliminating	3.19463
need	3.19463
coexisting	3.19463
central	2.9114428571428577
diabetes	3.19463
insipidus	3.19463
psychogenic	1.21232
polydipsia	0.6923500000000001
schizophrenic	3.19463
coexisted	3.19463
possible	3.19463
relationship	3.19463
vasopressin	0.65698
release	0.65698
hypothesized	3.19463
lung	2.8642450000000004
neoplasm	0.69235
mimicking	3.19463
myocardial	0.952335
involvement	3.19463
pericardium	3.19463
cancer	2.9114428571428568
metastases	0.65698
frequent	3.19463
neoplasms	1.21232
metastatic	1.1286066666666668
manifestation	3.19463
chest	1.42282
rotaviral	3.19463
gastroenteritis	1.21232
tbilisi	3.19463
electrophoretypes	3.19463
107	3.19463
isolates	3.19463
collected	3.19463
18	3.19463
months	3.19463
seven	3.19463
patterns	3.19463
""""	3.194630000000001
represented	3.19463
74	3.19463
total	3.19463
number	3.19463
dominated	3.19463
whole	1.8657724999999998
seasonal	3.19463
various	3.19463
appearance	3.19463
registered	3.19463
electrophoretype	3.19463
detected	2.6040266666666665
hageman	3.19463
xii	3.19463
secific	3.19463
reproducible	3.19463
hf	2.5302012500000006
factory	3.19463
purified	3.19463
monospecific	3.19463
rabbit	3.19463
antibody	3.19463
precise	3.19463
measurements	3.19463
antigen	1.84998
low	2.241342
pooled	3.19463
=	3.19463
82	3.19463
existed	3.19463
titers	3.19463
clot	3.19463
promoting	3.19463
assays	3.19463
radioimmunoassays	3.19463
among	3.19463
adults	3.19463
confirming	3.19463
trait	1.7192100000000003
other	3.19463
plasmas	3.19463
individuals	3.19463
fletcher	0.9815
fitzgerald	0.9815
contained	3.19463
amounts	1.42282
reduced	2.308725
disseminated	0.9815
intravascular	0.9815
coagulation	0.9815
advanced	3.19463
liver	1.580662
cirrhosis	0.69235
under	1.42282
warfarin	1.42282
assay	3.19463
primates	3.19463
detectable	3.19463
nonprimate	3.19463
avian	3.19463
progressive	2.476593333333333
facial	2.3393533333333334
hemiatrophy	2.3393533333333334
epileptic	1.07172
seizures	0.8656733333333334
intractable	3.19463
complex	3.19463
partial	3.19463
female	2.485906
intracranial	3.19463
computed	3.19463
tomography	3.19463
frontal	1.2472699999999999
paramedian	1.07172
band	1.7779975
like	2.4869933333333334
depression	1.07172
gradually	3.19463
thereafter	3.19463
parry	3.19463
romberg	3.19463
parenchymal	3.19463
calcifications	3.19463
density	0.7535
areas	2.38092
matter	0.7535
frontoparietal	0.7535
neurologic	3.19463
could	3.19463
precede	3.19463
succeeding	3.19463
neurocutaneous	1.42282
remote	3.19463
unpolluted	3.19463
rural	3.19463
south	3.19463
africa	3.19463
14	3.19463
olds	3.19463
wupperthal	3.19463
north	3.19463
western	3.19463
cape	3.19463
province	3.19463
graphite	3.19463
furnace	3.19463
atomic	3.19463
absorption	3.19463
spectrometry	3.19463
analyse	3.19463
level	1.42282
micrograms	3.19463
dl	3.19463
value	3.19463
considered	3.19463
representative	3.19463
natural	3.19463
africans	3.19463
o	3.19463
femoral	3.19463
distractor	3.19463
ankle	2.7716883333333335
arthroscopy	3.19463
well	3.19463
technique	3.19463
pins	3.19463
tibia	3.19463
calcaneum	3.19463
able	3.19463
distraction	3.19463
easy	3.19463
operative	3.19463
manipulation	3.19463
obtained	3.19463
commercially	3.19463
distractors	3.19463
broad	1.42282
spectral	1.42282
parameters	1.42282
correlated	3.19463
iq	1.42282
wais	3.19463
all	3.19463
subscales	3.19463
40	3.19463
handed	1.42282
volunteers	3.19463
ranging	3.19463
eegs	3.19463
recorded	3.19463
derivations	3.19463
rest	3.19463
opened	3.19463
reveal	3.19463
positive	3.19463
negative	3.19463
correlations	3.19463
participation	2.308725
bands	3.19463
frequency	2.308725
show	3.19463
narrow	3.19463
range	3.19463
relations	3.19463
highlight	3.19463
psychological	1.9432566666666666
tests	3.19463
homogeneous	3.19463
abilities	3.19463
finer	3.19463
clearly	3.19463
explainable	3.19463
demonstrate	3.19463
recordings	3.19463
reflect	3.19463
intellectual	3.19463
stimulus	1.12657
postanoxic	0.6923499999999999
myoclonus	0.69235
discuss	3.19463
pathophysiology	3.19463
man	3.19463
sustained	3.19463
cardiorespiratory	0.69235
arrest	2.360536666666667
lasted	3.19463
minutes	3.19463
unresponsive	3.19463
hours	3.19463
stimulation	3.19463
trigeminal	3.19463
innervated	3.19463
periorbital	3.19463
bursts	1.42282
spike	1.42282
generalized	1.2472699999999999
myoclonic	0.7535
jerks	0.7535
types	3.19463
did	3.19463
elicit	3.19463
32	3.19463
later	3.19463
nonreactive	1.42282
alpha	2.6040266666666665
coma	1.42282
died	3.19463
7	3.19463
days	3.19463
regularity	3.19463
suggests	3.19463
resting	3.19463
electrocerebral	1.42282
silence	1.42282
result	3.19463
suppression	3.19463
disinhibition	3.19463
brainstem	2.203475
generated	2.6990525
entity	3.19463
audiology	3.19463
auditory	2.5338600000000002
processing	2.798168
speech	3.19463
recognition	3.19463
disorder	2.203475
[	1.21232
apd	1.21232
]	1.21232
highly	3.19463
controversial	3.19463
controversy	3.19463
fueled	3.19463
ambiguous	3.19463
descriptions	3.19463
american	3.19463
language	3.19463
hearing	3.19463
academy	3.19463
sources	3.19463
say	3.19463
questionable	3.19463
define	3.19463
nature	3.19463
order	3.19463
intervention	3.19463
nosography	3.19463
systematic	3.19463
diseases	3.19463
physicians	3.19463
thomas	3.19463
sydenham	3.19463
otto	3.19463
guttentag	3.19463
criteria	3.19463
framework	3.19463
conceptualization	3.19463
haemostatic	1.155092
hepatosplenic	3.19463
schistosomiasis	3.19463
mansoni	3.19463
immuno	3.19463
regulatory	3.19463
endemic	3.19463
countries	3.19463
bleeding	2.308725
serious	3.19463
often	3.19463
life	3.19463
threatening	3.19463
prone	3.19463
develop	3.19463
linked	3.19463
ruptured	3.19463
esophageal	1.07172
varices	1.07172
deficit	1.42282
pronounced	3.19463
advancement	3.19463
maximal	3.19463
experience	3.19463
haematomesis	3.19463
evidences	3.19463
enhanced	1.42282
generation	1.42282
thrombin	1.42282
plasmin	1.42282
indicate	3.19463
grade	3.19463
dic	3.19463
principal	3.19463
demonstration	3.19463
procoagulant	3.19463
expression	3.19463
peripheral	3.19463
monocytes	3.19463
livers	3.19463
spleens	3.19463
intestines	3.19463
infected	3.19463
mice	3.19463
implication	3.19463
causation	3.19463
infections	3.19463
moreover	3.19463
indicates	3.19463
immune	2.6040266666666665
mechanisms	3.19463
localized	3.19463
seems	3.19463
likely	3.19463
responses	1.42282
schistosomes	1.42282
play	3.19463
pathogenic	3.19463
squamous	3.19463
pleura	2.6561025000000003
few	3.19463
reports	3.19463
tumours	0.71656
mesothelioma	3.19463
epidermoid	3.19463
occur	3.19463
connection	3.19463
persistent	3.19463
empyema	1.42282
drained	3.19463
pleurocutaneous	0.77437
extrapleural	0.67886
pneumothorax	0.71656
far	3.19463
somatosensory	3.19463
potentials	3.19463
tibial	3.19463
scalp	3.19463
sep	3.19463
three	3.19463
peaks	3.19463
p17	3.19463
p24	3.19463
p31	3.19463
additional	3.19463
inconsistent	3.19463
components	3.19463
p11	3.19463
p21	3.19463
p27	3.19463
presumable	3.19463
generator	3.19463
popliteal	3.19463
entry	3.19463
sacral	3.19463
plexus	3.19463
cauda	3.19463
equina	3.19463
conus	3.19463
medullaris	3.19463
rostral	3.19463
spinal	3.19463
cord	3.19463
lymphogranuloma	3.19463
venereum	3.19463
tonsil	1.9367450000000002
tonsillar	3.19463
similarities	3.19463
tonsils	3.19463
cervical	3.19463
importance	3.19463
histological	3.19463
abnormal	0.67886
reiterated	3.19463
68ga	0.86932
prostate	1.6170675
treated	3.19463
stage	0.71656
iiib	0.71656
referred	3.19463
ga	1.42282
psma	1.42282
pet	3.19463
staging	3.19463
addition	3.19463
uptake	1.42282
increased	1.42282
enlarging	0.65698
lobe	0.65698
mass	1.21232
diffusely	3.19463
thyroid	3.19463
gland	3.19463
bilateral	0.6316
supraclavicular	3.19463
fine	3.19463
needle	3.19463
aspiration	3.19463
biopsy	3.19463
node	3.19463
adenocarcinoma	0.9815
interferon	3.19463
recent	3.19463
demonstrating	3.19463
therapy	3.19463
six	3.19463
myeloid	3.19463
leukaemia	3.19463
essential	3.19463
thrombocythemia	1.07172
polycythemia	2.031975
rubra	3.19463
vera	3.19463
myelomatosis	3.19463
hairy	3.19463
screen	3.19463
severity	3.19463
mild	3.19463
traumatic	1.07172
brain	1.07172
injury	1.07172
investigated	3.19463
sensitivity	3.19463
information	3.19463
recall	2.031975
orientation	2.6040266666666665
tasks	3.19463
mtbi	3.1946299999999996
fifty	3.19463
85	3.19463
57	3.19463
28	3.19463
controls	3.19463
24	3.19463
hr	3.19463
department	3.19463
emergency	3.19463
medicine	3.19463
answered	1.42282
fewer	1.42282
questions	2.7516775
recalled	1.42282
words	1.42282
delayed	0.86932
judged	1.42282
sentences	1.42282
correctly	1.42282
immediate	1.42282
memory	1.42282
learning	2.308725
previous	3.19463
perform	3.19463
speed	3.19463
word	3.19463
effects	2.443806
gamma	3.1946300000000005
globin	3.19463
promoter	3.19463
base	3.19463
pair	3.19463
deletion	3.19463
mutant	3.19463
shows	3.19463
polymorphic	3.19463
throughout	3.19463
gene	3.19463
fetal	1.6654033333333336
genes	3.19463
australian	3.19463
kindred	3.19463
nondeletional	3.19463
hereditary	3.19463
persistence	3.19463
hemoglobin	3.19463
hpfh	3.19463
cloned	3.19463
sequenced	3.19463
198	3.19463
mutation	3.19463
british	3.19463
upstream	3.19463
allele	3.19463
identified	3.19463
222	3.19463
225	3.19463
bp	3.19463
cap	3.19463
site	3.19463
variations	3.19463
ana	3.19463
transition	3.19463
exon	3.19463
402	3.19463
relative	3.19463
hindiii	3.19463
polymorphism	3.19463
intron	3.19463
untranslated	3.19463
region	3.19463
tcac	3.19463
place	3.19463
ctct	3.19463
creating	3.19463
saci	3.19463
previously	3.19463
linkage	3.19463
noteworthy	3.19463
simultaneous	3.19463
mutants	3.19463
same	3.19463
despite	3.19463
resulting	3.19463
phenotype	3.19463
k562	3.19463
transient	2.5338600000000002
statistically	3.19463
control	3.19463
vivo	3.19463
identification	3.19463
enzymatically	3.19463
normalized	3.19463
shrna	3.19463
library	3.19463
massive	3.19463
parallel	3.19463
sequencing	3.19463
general	3.19463
approximately	3.19463
150	3.19463
shrnas	3.19463
per	3.19463
redundance	3.19463
cdna	3.19463
constructed	3.19463
inducible	3.19463
lentiviral	3.19463
vector	3.19463
enabling	3.19463
propagation	3.19463
growth	2.7516775
inhibiting	3.19463
controlled	3.19463
rnai	3.19463
activities	3.19463
101	3.19463
clones	3.19463
representing	3.19463
100	3.19463
201	3.19463
firefly	3.19463
luciferase	3.19463
structure	3.19463
datasets	3.19463
yielded	3.19463
set	3.19463
structural	3.19463
efficacy	3.19463
increasing	3.19463
frequencies	3.19463
active	3.19463
random	3.19463
sampling	3.19463
select	3.19463
inhibit	3.19463
breast	0.9815
targeting	3.19463
oncogenes	3.19463
targeted	3.19463
selected	3.19463
enriched	3.19463
pathways	3.19463
9	3.19463
cancers	1.21232
cycle	3.19463
progression	3.19463
apoptosis	3.19463
hundred	3.19463
nineteen	3.19463
selection	3.19463
drug	3.19463
targets	3.19463
interfering	3.19463
rnas	3.19463
inhibited	3.19463
validating	3.19463
efficiency	3.19463
throughput	3.19463
target	3.19463
giant	1.21232
tuberculomata	0.6923499999999999
misdiagnosed	3.19463
secondary	3.19463
describe	3.19463
attenuation	0.86932
rim	2.308725
enhancement	3.19463
calcific	0.77437
enhance	3.19463
hypoattenuation	1.42282
recovered	3.19463
antituberculous	3.19463
chemotherapy	3.19463
perinatal	2.6990525
arterial	0.882035
placental	0.9973825000000001
chorioangioma	1.07172
chorioangiomas	1.07172
benign	1.21232
several	3.19463
obstetric	3.19463
premature	0.77437
labor	0.77437
abruption	0.77437
polyhydramnios	0.77437
hydrops	0.763935
restriction	1.42282
hepatosplenomegaly	0.77437
cardiomegaly	1.42282
congestive	1.42282
neonatal	3.19463
fetalis	0.7535
microangiopathic	0.69235
hemolytic	0.69235
anemia	0.69235
thrombocytopenia	1.42282
remains	3.19463
majority	3.19463
investigators	3.19463
setting	3.19463
stroke	1.21232
birth	0.64135
asphyxia	1.42282
preeclampsia	0.77437
chorioamnionitis	0.77437
infection	1.42282
genetic	1.04052
thrombophilias	1.42282
psychophysiological	1.42282
reactions	1.42282
qigong	3.19463
traditional	3.19463
chinese	3.19463
meditation	3.19463
indian	3.19463
yoga	3.19463
japanese	3.19463
zen	3.19463
category	3.19463
psychotherapy	3.19463
series	3.19463
course	3.19463
training	3.19463
inappropriate	3.19463
physical	2.699016
mental	0.71656
disturbances	0.71656
include	3.19463
emg	1.42282
respiratory	1.42282
movement	1.42282
rate	1.42282
temperature	1.42282
finger	1.42282
tip	1.42282
stomach	1.42282
intestine	1.42282
metabolism	1.42282
immunity	1.42282
systems	3.19463
motor	1.21232
phenomena	2.203475
perceptual	1.21232
experienced	3.19463
warmness	1.42282
chilliness	0.64135
itching	0.64135
sensation	0.755335
numbness	3.19463
soreness	0.64135
bloatedness	3.19463
relaxation	1.42282
tenseness	1.04052
floating	0.86932
dropping	0.86932
enlargement	0.86932
constriction	0.86932
body	0.86932
image	0.86932
rising	0.86932
sky	0.86932
falling	0.86932
off	0.86932
upside	0.86932
down	0.86932
playing	1.42282
swing	1.42282
respiration	1.42282
circulation	1.42282
intrinsic	1.42282
qi	1.42282
electric	1.42282
shock	1.42282
formication	0.86932
exercise	3.19463
dreamland	0.86932
illusions	0.86932
unreality	0.86932
pseudohallucination	0.86932
vanished	3.19463
terminated	3.19463
deviation	3.19463
diagnostic	3.19463
now	3.19463
widely	3.19463
china	3.19463
antiproliferative	3.19463
homogenates	3.19463
candidate	3.19463
probiotic	3.19463
unheated	3.19463
heat	3.19463
separately	3.19463
lactobacillus	3.19463
rhamnosus	3.19463
gg	3.19463
bifidobacterium	3.19463
lactis	3.19463
acidophilus	3.19463
delbrueckii	3.19463
subsp	3.19463
bulgaricus	3.19463
streptococcus	3.19463
thermophilus	3.19463
phytohemagglutinin	3.19463
induced	3.19463
proliferation	3.19463
mononuclear	3.19463
homogenate	3.19463
assessing	3.19463
thymidine	3.19463
incorporation	3.19463
cultures	3.19463
suppressed	3.19463
enzymatic	3.19463
heating	3.19463
repeated	3.19463
cytoplasmic	3.19463
wall	3.19463
extracts	3.19463
extract	3.19463
suppressive	3.19463
possess	3.19463
stable	3.19463
generate	3.19463
microbiologically	3.19463
nonviable	3.19463
yet	3.19463
immunologically	3.19463
food	3.19463
products	3.19463
easier	3.19463
store	3.19463
longer	3.19463
shelf	3.19463
focal	1.1997133333333334
neurological	1.42282
sarcoidosis	1.21232
presents	3.19463
only	3.19463
infrequently	3.19463
recurrent	0.67886
rarer	3.19463
still	3.19463
describes	3.19463
episodic	1.07172
fluent	1.07172
dysphasia	1.42282
abrupt	1.42282
onset	1.42282
occurring	3.19463
seizure	0.71656
macroscopic	1.42282
granulomatous	1.42282
collection	1.42282
neurosarcoidosis	1.21232
mimic	3.19463
classic	3.19463
ischaemic	1.42282
questionnaire	3.19463
transplant	3.19463
quality	3.19463
recipients	3.19463
list	3.19463
items	3.19463
created	3.19463
50	3.19463
rated	3.19463
item	3.19463
judgment	3.19463
create	3.19463
consists	3.19463
dimensions	3.19463
fatigue	0.7535
uncertainty	3.19463
fear	3.19463
emotions	3.19463
dimension	3.19463
scored	3.19463
point	3.19463
likert	3.19463
scale	3.19463
reproducibility	3.19463
administered	3.19463
intraclass	3.19463
coefficients	3.19463
91	3.19463
scores	3.19463
except	3.19463
improved	3.19463
transplantation	3.19463
pretransplantation	3.19463
graft	3.19463
creatinine	3.19463
250	3.19463
mmol	3.19463
grafts	3.19463
administer	3.19463
valid	3.19463
responsive	3.19463
change	3.19463
carbon	3.19463
monoxide	3.19463
suppresses	3.19463
tlr4	3.1946300000000005
via	3.19463
differentiation	3.19463
betatc3	3.19463
islet	3.19463
allografts	3.19463
donor	3.19463
exposed	3.19463
rejection	3.19463
trafficking	3.19463
activation	3.19463
islets	3.19463
molecular	3.19463
how	3.19463
remain	3.19463
focus	3.19463
insulinoma	0.7535
line	3.19463
stably	3.19463
transfected	3.19463
pcdna3	3.19463
yfp	3.19463
pdsred	3.19463
monomer	3.19463
golgi	3.19463
plasmids	3.19463
identify	3.19463
subcellular	3.19463
lps	3.19463
confocal	3.19463
immunofluorescence	3.19463
resides	3.19463
apparatus	3.19463
quiescent	3.19463
led	3.19463
interaction	3.19463
md	3.19463
immunoprecipitation	3.19463
depleting	3.19463
rna	3.19463
blocking	3.19463
glycosylation	3.19463
tunicamycin	3.19463
blocked	3.19463
exposing	3.19463
parts	3.19463
million	3.19463
conclusion	3.19463
required	3.19463
consequent	3.19463
transvesical	3.19463
endoscopic	3.19463
placement	3.19463
sutures	3.19463
urethral	1.07172
strictures	1.07172
reapproximation	3.19463
urethra	3.19463
across	3.19463
excised	3.19463
scar	3.19463
requires	3.19463
perineum	3.19463
external	3.19463
sphincter	3.19463
prostatic	3.19463
itself	3.19463
problematic	3.19463
suprapubic	3.19463
cystostomy	3.19463
eliminates	3.19463
usual	3.19463
difficulties	3.19463
volatile	3.19463
flavor	3.19463
rice	3.19463
cakes	3.19463
volatiles	3.19463
laboratory	3.19463
dynamic	3.19463
headspace	3.19463
isolation	3.19463
tenax	3.19463
trapping	3.19463
carried	3.19463
out	3.19463
capillary	3.19463
gc	3.19463
ms	3.19463
compounds	3.19463
hydroxy	3.19463
propanone	3.19463
furfuryl	3.19463
alcohol	3.19463
dimethylpyrazine	3.19463
methylpyrazine	3.19463
pyrazine	3.19463
hexanal	3.19463
furfural	3.19463
pentanol	3.19463
butanone	3.19463
acetoin	3.19463
ethyl	3.19463
ideally	3.19463
applicable	3.19463
dry	3.19463
product	3.19463
ratios	3.19463
probability	3.19463
contributing	3.19463
aroma	3.19463
methylbutanal	3.19463
dimethyl	3.19463
trisulfide	3.19463
vinylguaiacol	3.19463
e	3.19463
decadienal	3.19463
acetyl	3.19463
pyrroline	3.19463
octen	3.19463
ol	3.19463
